id,poll_id,description,price,number_of_votes,photo_url,created_at,updated_at,is_deleted,brand,photo_file_name,photo_content_type,photo_file_size,photo_updated_at,number_of_flags
9,4,,,0,,2012-09-30 05:40:35.681692,2012-09-30 05:40:35.681692,f,"",item_photo_,image/jpeg,427123,2012-09-30 05:40:34.729766,0
11,4,,,2,,2012-09-30 05:41:32.426308,2012-10-02 07:53:48.139742,f,"",item_photo_,image/jpeg,497098,2012-09-30 05:41:31.34666,0
44,14,,,1,,2012-10-02 03:26:23.886404,2012-10-02 18:16:17.358165,t,"",item_photo_,image/jpeg,211273,2012-10-02 03:26:23.168865,1
13,5,,,0,,2012-09-30 08:01:08.623939,2012-09-30 08:01:08.623939,f,"",item_photo_,image/jpeg,309641,2012-09-30 08:01:07.833245,0
15,5,,,0,,2012-09-30 08:02:20.879868,2012-09-30 08:02:20.879868,f,San Francisco bridge in a cat,item_photo_,image/jpeg,298228,2012-09-30 08:02:19.937994,0
16,5,,,0,,2012-09-30 08:02:57.15683,2012-09-30 08:02:57.15683,f,"",item_photo_,image/jpeg,338405,2012-09-30 08:02:56.211128,0
17,6,,,0,,2012-09-30 08:04:04.678017,2012-09-30 08:04:04.678017,f,"",item_photo_,image/jpeg,315558,2012-09-30 08:04:03.739486,0
18,6,,,0,,2012-09-30 08:04:26.194894,2012-09-30 08:04:26.194894,f,"",item_photo_,image/jpeg,349845,2012-09-30 08:04:25.339487,0
14,5,,,1,,2012-09-30 08:01:35.614126,2012-09-30 17:08:45.323219,f,"",item_photo_,image/jpeg,476077,2012-09-30 08:01:34.66468,0
51,17,,,0,,2012-10-02 18:18:09.843181,2012-10-02 18:18:09.843181,f,Markers,item_photo_,image/jpeg,403065,2012-10-02 18:18:08.80588,0
19,6,,,1,,2012-09-30 08:04:47.321161,2012-09-30 19:58:43.182468,f,"",item_photo_,image/jpeg,342504,2012-09-30 08:04:46.59282,0
21,8,,,0,,2012-10-01 16:54:49.298493,2012-10-01 16:54:49.298493,f,Bag,item_photo_,image/jpeg,489541,2012-10-01 16:54:47.754795,0
22,8,,,0,,2012-10-01 16:55:56.382801,2012-10-01 16:55:56.382801,f,Boating,item_photo_,image/jpeg,327329,2012-10-01 16:55:54.799242,0
23,9,,,0,,2012-10-01 17:00:07.571607,2012-10-01 17:00:31.218284,t,"",item_photo_,image/jpeg,288322,2012-10-01 17:00:06.143151,0
24,10,,,0,,2012-10-02 01:57:39.574612,2012-10-02 01:57:39.574612,f,Truck blocking road,item_photo_,image/jpeg,273072,2012-10-02 01:57:35.849132,0
25,10,,,0,,2012-10-02 02:05:14.347498,2012-10-02 02:05:14.347498,f,Ewww,item_photo_,image/jpeg,311011,2012-10-02 02:05:13.297524,0
26,10,,,0,,2012-10-02 02:05:45.864992,2012-10-02 02:05:45.864992,f,Work,item_photo_,image/jpeg,320378,2012-10-02 02:05:45.069863,0
27,10,,,0,,2012-10-02 02:06:22.454773,2012-10-02 02:06:22.454773,f,Competition,item_photo_,image/jpeg,310050,2012-10-02 02:06:21.452512,0
28,11,,,0,,2012-10-02 02:08:53.026845,2012-10-02 02:08:53.026845,f,Carrier screening bannerstand,item_photo_,image/jpeg,374616,2012-10-02 02:08:51.891329,0
29,11,,,0,,2012-10-02 02:09:31.695495,2012-10-02 02:09:31.695495,f,"",item_photo_,image/jpeg,370132,2012-10-02 02:09:30.88865,0
30,11,,,0,,2012-10-02 02:10:46.614299,2012-10-02 02:10:46.614299,f,"",item_photo_,image/jpeg,356589,2012-10-02 02:10:45.656347,0
31,11,,,0,,2012-10-02 02:11:47.764286,2012-10-02 02:11:47.764286,f,"",item_photo_,image/jpeg,380707,2012-10-02 02:11:46.81854,0
32,12,,,0,,2012-10-02 02:13:02.849972,2012-10-02 02:13:02.849972,f,Farallon Islands,item_photo_,image/jpeg,315093,2012-10-02 02:13:02.081095,0
33,12,,,0,,2012-10-02 02:13:35.271089,2012-10-02 02:13:35.271089,f,"",item_photo_,image/jpeg,296193,2012-10-02 02:13:34.504639,0
34,12,,,0,,2012-10-02 02:13:54.899134,2012-10-02 02:13:54.899134,f,"",item_photo_,image/jpeg,409144,2012-10-02 02:13:53.991007,0
35,12,,,0,,2012-10-02 02:14:15.138193,2012-10-02 02:14:15.138193,f,"",item_photo_,image/jpeg,373815,2012-10-02 02:14:14.099972,0
52,17,,,0,,2012-10-02 18:18:42.592647,2012-10-02 18:18:42.592647,f,"",item_photo_,image/jpeg,401586,2012-10-02 18:18:41.632541,0
36,13,,,0,,2012-10-02 02:18:59.848927,2012-10-02 02:18:59.848927,f,Group photo,item_photo_,image/jpeg,439064,2012-10-02 02:18:58.849544,0
38,13,,,0,,2012-10-02 02:20:04.182859,2012-10-02 02:20:04.182859,f,"",item_photo_,image/jpeg,324354,2012-10-02 02:20:03.443488,0
39,13,,,0,,2012-10-02 02:23:01.028854,2012-10-02 02:23:01.028854,f,Crowded,item_photo_,image/jpeg,351996,2012-10-02 02:23:00.157758,0
12,5,,,1,,2012-09-30 08:00:44.182656,2012-10-02 03:18:30.272133,f,Summer is over :(,item_photo_,image/jpeg,334215,2012-09-30 08:00:42.96619,0
37,13,,,1,,2012-10-02 02:19:27.028441,2012-10-02 03:23:36.234914,f,"",item_photo_,image/jpeg,302810,2012-10-02 02:19:26.05939,0
41,14,,,0,,2012-10-02 03:25:47.559355,2012-10-02 03:25:47.559355,f,"",item_photo_,image/jpeg,282517,2012-10-02 03:25:46.858182,0
43,14,,,0,,2012-10-02 03:26:10.960519,2012-10-02 03:26:10.960519,f,"",item_photo_,image/jpeg,185973,2012-10-02 03:26:09.817044,0
5,2,,,1,,2012-09-30 05:35:00.535564,2012-10-04 04:45:33.722605,f,"",item_photo_,image/jpeg,312346,2012-09-30 05:34:59.35558,0
54,19,,,3,,2012-10-03 04:26:22.105123,2012-10-19 03:29:01.138984,f,"",item_photo_,image/jpeg,327510,2012-10-03 04:26:19.16888,0
42,14,,,1,,2012-10-02 03:25:59.189816,2012-10-02 07:57:31.897792,f,"",item_photo_,image/jpeg,251816,2012-10-02 03:25:58.29072,0
4,1,,,10,,2012-09-30 05:32:43.162677,2012-11-01 05:02:18.860479,f,$250,item_photo_,image/jpeg,330230,2012-09-30 05:32:42.187815,0
49,16,,,0,,2012-10-02 08:12:25.374785,2012-10-02 08:12:25.374785,f,"",item_photo_,image/jpeg,486395,2012-10-02 08:12:24.557464,0
50,16,,,0,,2012-10-02 08:13:05.461411,2012-10-02 08:13:05.461411,f,"",item_photo_,image/jpeg,363142,2012-10-02 08:13:04.655878,0
48,16,,,1,,2012-10-02 08:11:35.341428,2012-10-02 08:14:10.911844,f,"",item_photo_,image/jpeg,456324,2012-10-02 08:11:34.589216,0
40,14,,,1,,2012-10-02 03:25:35.799696,2012-10-02 16:30:18.334617,f,"",item_photo_,image/jpeg,377874,2012-10-02 03:25:34.728734,0
8,3,,,7,,2012-09-30 05:38:22.941382,2012-10-20 00:18:59.736325,f,$135,item_photo_,image/jpeg,396870,2012-09-30 05:38:21.79945,0
10,4,,,1,,2012-09-30 05:40:54.52051,2012-10-02 18:16:12.107928,t,"",item_photo_,image/jpeg,264803,2012-09-30 05:40:53.732561,1
53,18,,,12,,2012-10-02 18:30:32.141551,2012-11-01 17:25:39.479973,f,$45,item_photo_,image/jpeg,420028,2012-10-02 18:30:30.613846,0
3,1,,,2,,2012-09-30 05:32:17.099574,2012-10-18 15:02:34.399838,f,$350,item_photo_,image/jpeg,321872,2012-09-30 05:32:14.09999,0
59,18,,,4,,2012-10-06 04:17:15.016769,2012-10-28 01:35:15.447634,f,$120,item_photo_,image/jpeg,264803,2012-10-06 04:17:13.675344,0
57,20,,,0,,2012-10-06 01:10:45.345993,2012-10-06 01:10:45.345993,f,"",item_photo_,image/jpeg,537386,2012-10-06 01:10:44.032617,0
56,19,,,4,,2012-10-03 04:27:48.310533,2012-10-19 03:45:47.368727,f,"",item_photo_,image/jpeg,299219,2012-10-03 04:27:46.908474,0
6,2,,,5,,2012-09-30 05:35:29.864854,2012-10-06 04:03:09.716318,t,"",item_photo_,image/jpeg,349443,2012-09-30 05:35:28.930767,1
58,20,,,1,,2012-10-06 01:11:46.234427,2012-10-06 04:03:25.776861,t,"",item_photo_,image/jpeg,304506,2012-10-06 01:11:44.97131,1
64,21,,,0,,2012-10-06 04:33:02.334126,2012-10-06 04:33:02.334126,f,"",item_photo_,image/jpeg,346990,2012-10-06 04:33:01.549345,0
65,21,,,0,,2012-10-06 04:33:32.217263,2012-10-06 04:33:32.217263,f,"",item_photo_,image/jpeg,350116,2012-10-06 04:33:31.22892,0
63,21,,,1,,2012-10-06 04:32:37.95947,2012-10-08 04:19:31.305047,f,"",item_photo_,image/jpeg,303065,2012-10-06 04:32:37.180308,0
1,1,,,1,,2012-09-30 05:31:05.409789,2012-10-24 22:53:04.765379,f,$250,item_photo_,image/jpeg,501107,2012-09-30 05:31:03.725412,0
20,7,,,8,,2012-10-01 06:31:14.459365,2012-10-22 15:51:15.949449,f,"",item_photo_,image/jpeg,293068,2012-10-01 06:31:13.102359,0
7,3,,,2,,2012-09-30 05:38:09.089508,2012-10-20 09:53:01.698093,f,$100,item_photo_,image/jpeg,209107,2012-09-30 05:38:07.245472,0
45,15,,,7,,2012-10-02 06:37:31.101747,2012-10-30 17:56:00.862293,f,Ocean,item_photo_,image/jpeg,333052,2012-10-02 06:37:30.057258,0
61,7,,,2,,2012-10-06 04:31:03.640184,2012-10-18 18:17:44.529662,f,"",item_photo_,image/jpeg,356457,2012-10-06 04:31:02.66067,0
62,21,,,2,,2012-10-06 04:32:12.266799,2012-10-09 19:31:49.670636,f,"",item_photo_,image/jpeg,351249,2012-10-06 04:32:11.550975,0
2,1,,,9,,2012-09-30 05:31:37.060521,2012-10-30 20:38:00.936483,f,$100,item_photo_,image/jpeg,354803,2012-09-30 05:31:36.272215,0
67,24,,,1,,2012-10-08 11:12:32.062374,2012-10-19 04:59:58.728393,f,"",item_photo_,image/jpeg,380577,2012-10-08 11:12:31.191889,0
55,19,,,7,,2012-10-03 04:27:14.261146,2012-10-26 15:57:52.923993,f,"",item_photo_,image/jpeg,493179,2012-10-03 04:27:13.125025,0
46,15,,,3,,2012-10-02 06:38:30.994062,2012-10-19 05:01:04.79144,f,"",item_photo_,image/jpeg,296193,2012-10-02 06:38:30.120021,0
47,15,,,8,,2012-10-02 06:39:03.147763,2012-11-01 05:04:42.420908,f,"",item_photo_,image/jpeg,293906,2012-10-02 06:39:02.358354,0
66,24,,,0,,2012-10-08 11:11:59.862735,2012-10-08 11:13:27.541275,t,"",item_photo_,image/jpeg,209294,2012-10-08 11:11:59.217377,0
71,24,,,0,,2012-10-08 11:28:06.812523,2012-10-08 11:28:06.812523,f,"",item_photo_,image/jpeg,279670,2012-10-08 11:28:05.999156,0
75,25,,,0,,2012-10-08 11:38:28.164486,2012-10-08 11:38:28.164486,f,"",item_photo_,image/jpeg,271158,2012-10-08 11:38:27.279981,0
69,24,,,1,,2012-10-08 11:15:29.961624,2012-10-08 17:24:02.6532,f,"",item_photo_,image/jpeg,382930,2012-10-08 11:15:29.281398,0
76,26,,,0,,2012-10-09 12:22:25.247606,2012-10-09 12:22:25.247606,f,Pretty sea,item_photo_,image/jpeg,341532,2012-10-09 12:22:24.051254,0
120,39,,,3,,2012-10-17 05:29:46.459028,2012-10-20 09:53:20.779984,f,"",item_photo_,image/jpeg,241874,2012-10-17 05:29:45.766813,0
133,42,,,3,,2012-10-17 17:52:15.042893,2012-10-22 15:47:20.831194,f,"",item_photo_,image/jpeg,312346,2012-10-17 17:52:13.839574,0
78,27,,,0,,2012-10-11 16:21:06.331897,2012-10-11 16:21:06.331897,f,"",item_photo_,image/jpeg,437154,2012-10-11 16:21:05.210771,0
79,27,,,0,,2012-10-11 16:21:26.279858,2012-10-11 16:21:26.279858,f,"",item_photo_,image/jpeg,496426,2012-10-11 16:21:25.180125,0
80,27,,,0,,2012-10-11 16:21:59.752779,2012-10-11 16:21:59.752779,f,"",item_photo_,image/jpeg,414586,2012-10-11 16:21:58.166488,0
122,39,,,0,,2012-10-17 05:35:33.702535,2012-10-17 05:35:33.702535,f,"",item_photo_,image/jpeg,350116,2012-10-17 05:35:32.969413,0
90,30,,,0,,2012-10-12 23:13:32.201207,2012-10-12 23:13:32.201207,f,"",item_photo_,image/jpeg,340563,2012-10-12 23:13:30.88797,0
91,30,,,0,,2012-10-12 23:14:27.829032,2012-10-12 23:14:27.829032,f,"",item_photo_,image/jpeg,318732,2012-10-12 23:14:27.154644,0
92,31,,,0,,2012-10-13 05:39:21.877084,2012-10-13 05:39:21.877084,f,Which beach photo looks sweetest?,item_photo_,image/jpeg,385062,2012-10-13 05:39:20.9898,0
93,31,,,0,,2012-10-13 05:39:42.721067,2012-10-13 05:39:42.721067,f,"",item_photo_,image/jpeg,358378,2012-10-13 05:39:41.525791,0
94,31,,,0,,2012-10-13 05:40:03.913056,2012-10-13 05:40:03.913056,f,"",item_photo_,image/jpeg,344968,2012-10-13 05:40:02.627261,0
96,32,,,0,,2012-10-13 05:59:46.16796,2012-10-13 05:59:46.16796,f,Hawaiian sunrise,item_photo_,image/jpeg,291838,2012-10-13 05:59:45.244905,0
97,32,,,0,,2012-10-13 06:00:13.943072,2012-10-13 06:00:13.943072,f,"",item_photo_,image/jpeg,329764,2012-10-13 06:00:13.043596,0
98,32,,,0,,2012-10-13 06:00:44.470658,2012-10-13 06:00:44.470658,f,"",item_photo_,image/jpeg,298615,2012-10-13 06:00:43.515264,0
95,31,,,1,,2012-10-13 05:40:31.634268,2012-10-13 14:32:08.386809,f,"",item_photo_,image/jpeg,350875,2012-10-13 05:40:30.229231,0
101,33,,,0,,2012-10-14 00:02:39.369723,2012-10-14 00:02:39.369723,f,Udon and Masubi,item_photo_,image/jpeg,360135,2012-10-14 00:02:38.106673,0
104,34,,,0,,2012-10-14 20:51:39.362914,2012-10-14 20:51:39.362914,f,"",item_photo_,image/jpeg,396268,2012-10-14 20:51:38.333091,0
107,35,,,0,,2012-10-15 07:11:33.732023,2012-10-15 07:11:33.732023,f,"",item_photo_,image/jpeg,411820,2012-10-15 07:11:32.67389,0
84,28,,,2,,2012-10-12 21:15:21.481029,2012-11-01 05:00:28.023928,f,"",item_photo_,image/jpeg,251816,2012-10-12 21:15:20.492605,0
115,33,,,0,,2012-10-15 07:20:38.371402,2012-10-15 07:20:38.371402,f,"",item_photo_,image/jpeg,398614,2012-10-15 07:20:37.622673,0
119,37,,,1,,2012-10-17 05:19:53.412931,2012-10-30 21:09:50.753376,f,"",item_photo_,image/jpeg,480779,2012-10-17 05:19:52.619126,0
112,36,,,1,,2012-10-15 07:14:50.618396,2012-10-16 07:12:40.315669,f,"",item_photo_,image/jpeg,294640,2012-10-15 07:14:49.510072,0
106,35,,,1,,2012-10-15 07:11:15.401037,2012-10-16 07:38:18.118676,f,Bird on top of gate sign,item_photo_,image/jpeg,270721,2012-10-15 07:11:11.25005,0
105,34,,,4,,2012-10-14 20:52:05.484886,2012-10-19 04:17:03.335652,f,"",item_photo_,image/jpeg,541703,2012-10-14 20:52:03.919656,0
72,24,,,6,,2012-10-08 11:28:37.291179,2012-10-30 21:23:18.857076,f,"",item_photo_,image/jpeg,341824,2012-10-08 11:28:36.567151,0
99,33,,,3,,2012-10-14 00:01:38.046863,2012-10-20 09:51:29.550671,f,Hawaii family,item_photo_,image/jpeg,382222,2012-10-14 00:01:36.749865,0
77,27,,,1,,2012-10-11 16:20:39.571214,2012-10-17 23:21:09.538468,f,"",item_photo_,image/jpeg,468031,2012-10-11 16:20:38.562459,0
89,29,,,1,,2012-10-12 21:17:47.137974,2012-10-26 01:37:30.720195,f,"",item_photo_,image/jpeg,282517,2012-10-12 21:17:46.373722,0
121,39,,,2,,2012-10-17 05:35:07.144922,2012-10-23 08:36:51.519536,f,"",item_photo_,image/jpeg,351249,2012-10-17 05:35:06.385878,0
108,35,,,1,,2012-10-15 07:11:50.179173,2012-10-20 04:26:58.775694,f,"",item_photo_,image/jpeg,382222,2012-10-15 07:11:49.404476,0
125,40,,,0,,2012-10-17 05:55:02.398254,2012-10-17 05:55:02.398254,f,Thumb,item_photo_,image/jpeg,281608,2012-10-17 05:55:01.434067,0
124,40,,,0,,2012-10-17 05:54:20.679079,2012-10-17 05:58:04.709479,t,Index finger,item_photo_,image/jpeg,313176,2012-10-17 05:54:19.893622,0
117,37,,,3,,2012-10-17 05:18:34.42264,2012-10-19 17:16:53.733792,f,"",item_photo_,image/jpeg,363157,2012-10-17 05:18:33.531078,0
110,36,,,1,,2012-10-15 07:14:08.46801,2012-10-20 02:07:50.659046,f,"",item_photo_,image/jpeg,360135,2012-10-15 07:14:07.360392,0
83,28,,,10,,2012-10-12 21:15:07.286401,2012-10-30 12:42:44.903753,f,"",item_photo_,image/jpeg,211273,2012-10-12 21:15:06.291222,0
116,37,,,1,,2012-10-17 05:18:08.435633,2012-10-17 06:16:28.386516,f,"",item_photo_,image/jpeg,419151,2012-10-17 05:18:07.139327,0
111,36,,,1,,2012-10-15 07:14:28.596528,2012-10-19 03:16:53.312534,f,"",item_photo_,image/jpeg,353412,2012-10-15 07:14:27.288509,0
113,36,,,5,,2012-10-15 07:15:21.391667,2012-10-25 12:51:54.281565,f,"",item_photo_,image/jpeg,360268,2012-10-15 07:15:20.532378,0
130,41,,,0,,2012-10-17 17:38:01.566753,2012-10-17 17:38:01.566753,f,Beer,item_photo_,image/jpeg,435845,2012-10-17 17:37:59.347533,0
131,41,,,0,,2012-10-17 17:38:30.701503,2012-10-17 17:38:30.701503,f,"",item_photo_,image/jpeg,362974,2012-10-17 17:38:28.323079,0
88,29,,,2,,2012-10-12 21:17:33.347851,2012-10-20 09:56:03.05944,f,"",item_photo_,image/jpeg,377874,2012-10-12 21:17:32.419394,0
114,36,,,3,,2012-10-15 07:15:48.327832,2012-10-20 14:15:13.780684,f,"",item_photo_,image/jpeg,602634,2012-10-15 07:15:47.524597,0
128,40,,,3,,2012-10-17 06:04:54.146915,2012-10-19 03:44:42.406243,f,Ring finger,item_photo_,image/jpeg,309384,2012-10-17 06:04:53.348184,0
74,24,,,1,,2012-10-08 11:29:37.236437,2012-10-18 18:12:34.102118,f,"",item_photo_,image/jpeg,404781,2012-10-08 11:29:35.702073,0
86,28,,,8,,2012-10-12 21:15:45.448713,2012-10-25 16:59:41.292529,f,"",item_photo_,image/jpeg,302704,2012-10-12 21:15:44.647338,0
102,34,,,2,,2012-10-14 20:50:28.972004,2012-10-30 21:23:51.917499,f,Hawaii,item_photo_,image/jpeg,413035,2012-10-14 20:50:27.814065,0
103,34,,,5,,2012-10-14 20:51:13.685989,2012-10-24 22:56:11.687138,f,"",item_photo_,image/jpeg,485143,2012-10-14 20:51:12.809353,0
87,29,,,3,,2012-10-12 21:17:19.309055,2012-10-19 03:29:28.938187,f,"",item_photo_,image/jpeg,185973,2012-10-12 21:17:18.61328,0
85,28,,,2,,2012-10-12 21:15:32.432829,2012-10-28 10:45:15.916736,f,"",item_photo_,image/jpeg,307810,2012-10-12 21:15:31.028077,0
126,40,,,1,,2012-10-17 06:00:01.019862,2012-10-19 09:08:39.802481,f,Index finger,item_photo_,image/jpeg,293503,2012-10-17 06:00:00.076557,0
118,37,,,4,,2012-10-17 05:19:06.696301,2012-10-24 22:57:15.029171,f,"",item_photo_,image/jpeg,488230,2012-10-17 05:19:05.568188,0
129,40,,,1,,2012-10-17 06:06:25.377263,2012-10-22 03:35:16.316249,f,Little finger,item_photo_,image/jpeg,309577,2012-10-17 06:06:24.547544,0
73,24,,,2,,2012-10-08 11:29:05.215707,2012-10-22 03:31:39.177332,f,"",item_photo_,image/jpeg,372079,2012-10-08 11:29:04.45882,0
109,35,,,4,,2012-10-15 07:12:06.364089,2012-10-20 04:32:17.391069,f,"",item_photo_,image/jpeg,290453,2012-10-15 07:12:05.696161,0
100,33,,,1,,2012-10-14 00:02:06.816391,2012-10-20 20:55:20.995966,f,Resort,item_photo_,image/jpeg,392514,2012-10-14 00:02:05.854883,0
70,24,,,0,,2012-10-08 11:27:45.581055,2012-10-28 03:07:04.055078,f,"",item_photo_,image/jpeg,329195,2012-10-08 11:27:44.800807,0
68,24,,,1,,2012-10-08 11:13:15.627754,2012-10-22 05:39:41.472618,f,"",item_photo_,image/jpeg,388950,2012-10-08 11:13:14.964558,0
81,27,,,6,,2012-10-11 16:22:25.3895,2012-11-01 05:07:17.158334,f,"",item_photo_,image/jpeg,516500,2012-10-11 16:22:24.132121,0
127,40,,,5,,2012-10-17 06:00:45.700065,2012-10-27 18:56:58.880892,f,Middle finger,item_photo_,image/jpeg,295598,2012-10-17 06:00:43.576152,0
82,27,,,8,,2012-10-11 16:22:52.428293,2012-10-30 18:01:20.016009,f,"",item_photo_,image/jpeg,417825,2012-10-11 16:22:51.309355,0
180,55,,,0,,2012-10-18 23:22:43.068908,2012-10-18 23:22:43.068908,f,120 $,item_photo_,image/jpeg,413047,2012-10-18 23:22:41.439045,0
123,39,,,1,,2012-10-17 05:37:45.973355,2012-10-17 18:35:25.33941,f,"",item_photo_,image/jpeg,346990,2012-10-17 05:37:44.737528,0
136,44,,,0,,2012-10-17 21:10:51.364793,2012-10-17 21:10:51.364793,f,Manama bahrain,item_photo_,image/jpeg,485129,2012-10-17 21:10:50.118789,0
139,45,,,1,,2012-10-17 21:46:18.655325,2012-10-17 22:07:06.80146,f,"",item_photo_,image/jpeg,190121,2012-10-17 21:46:17.501177,0
181,55,,,0,,2012-10-18 23:23:24.883292,2012-10-18 23:23:24.883292,f,"",item_photo_,image/jpeg,344550,2012-10-18 23:23:24.106616,0
134,43,,,1,,2012-10-17 17:55:59.281646,2012-10-17 23:31:21.516174,f,Cal ,item_photo_,image/jpeg,251020,2012-10-17 17:55:57.967259,0
140,46,,,0,,2012-10-17 23:34:16.243553,2012-10-17 23:34:16.243553,f,"",item_photo_,image/jpeg,312730,2012-10-17 23:34:15.09646,0
188,58,,,0,,2012-10-19 03:53:01.950638,2012-10-19 03:53:01.950638,f,Mochi ice cream,item_photo_,image/jpeg,426742,2012-10-19 03:53:01.18861,0
142,47,,,0,,2012-10-17 23:45:06.661077,2012-10-17 23:45:06.661077,f,Window,item_photo_,image/jpeg,359453,2012-10-17 23:45:05.2932,0
143,48,,,0,,2012-10-18 00:00:12.416588,2012-10-18 00:00:12.416588,f,V8,item_photo_,image/jpeg,276531,2012-10-18 00:00:09.919982,0
145,48,,,0,,2012-10-18 00:00:58.606755,2012-10-18 00:00:58.606755,f,"",item_photo_,image/jpeg,251397,2012-10-18 00:00:57.114182,0
144,48,,,1,,2012-10-18 00:00:42.10711,2012-10-18 00:01:50.060242,f,Coconut,item_photo_,image/jpeg,351897,2012-10-18 00:00:38.845574,0
146,50,,,0,,2012-10-18 01:51:30.947265,2012-10-18 01:51:30.947265,f,"",item_photo_,image/jpeg,349365,2012-10-18 01:51:29.549848,0
185,56,,,3,,2012-10-19 02:14:06.029747,2012-10-30 07:05:01.099923,f,Fun Dates,item_photo_,image/jpeg,372478,2012-10-19 02:14:04.952873,0
189,58,,,0,,2012-10-19 03:53:43.75635,2012-10-19 03:53:43.75635,f,Ramen,item_photo_,image/jpeg,471877,2012-10-19 03:53:41.777467,0
151,53,,,0,,2012-10-18 14:58:04.795474,2012-10-18 14:58:04.795474,f,Turk,item_photo_,image/jpeg,348734,2012-10-18 14:58:03.874272,0
141,46,,,10,,2012-10-17 23:34:57.195989,2012-10-30 21:08:46.08752,f,"",item_photo_,image/jpeg,266719,2012-10-17 23:34:55.895779,0
190,58,,,0,,2012-10-19 03:54:25.899086,2012-10-19 03:54:25.899086,f,Cocktails,item_photo_,image/jpeg,329537,2012-10-19 03:54:25.052641,0
152,54,,,0,,2012-10-18 16:54:12.688863,2012-10-18 16:54:12.688863,f,From Naruto Park,item_photo_,image/jpeg,282490,2012-10-18 16:54:11.64249,0
153,54,,,0,,2012-10-18 16:54:56.300621,2012-10-18 16:54:56.300621,f,"",item_photo_,image/jpeg,360817,2012-10-18 16:54:55.167936,0
154,54,,,0,,2012-10-18 16:55:12.606864,2012-10-18 16:55:12.606864,f,"",item_photo_,image/jpeg,446352,2012-10-18 16:55:11.70288,0
155,54,,,0,,2012-10-18 16:55:34.312081,2012-10-18 16:55:34.312081,f,"",item_photo_,image/jpeg,300576,2012-10-18 16:55:32.913398,0
156,54,,,0,,2012-10-18 16:56:16.503867,2012-10-18 16:56:16.503867,f,"",item_photo_,image/jpeg,664913,2012-10-18 16:56:14.975604,0
157,54,,,0,,2012-10-18 16:56:42.078537,2012-10-18 16:56:42.078537,f,"",item_photo_,image/jpeg,568501,2012-10-18 16:56:40.708149,0
159,54,,,0,,2012-10-18 16:57:42.119833,2012-10-18 16:57:42.119833,f,"",item_photo_,image/jpeg,296019,2012-10-18 16:57:41.489591,0
160,54,,,0,,2012-10-18 16:58:03.082935,2012-10-18 16:58:03.082935,f,"",item_photo_,image/jpeg,377613,2012-10-18 16:58:02.243325,0
161,54,,,0,,2012-10-18 16:58:28.533401,2012-10-18 16:58:28.533401,f,"",item_photo_,image/jpeg,442263,2012-10-18 16:58:27.408975,0
162,54,,,0,,2012-10-18 16:59:00.196467,2012-10-18 16:59:00.196467,f,"",item_photo_,image/jpeg,245695,2012-10-18 16:58:58.895318,0
163,54,,,0,,2012-10-18 16:59:22.406914,2012-10-18 16:59:22.406914,f,"",item_photo_,image/jpeg,324882,2012-10-18 16:59:20.533418,0
164,54,,,0,,2012-10-18 16:59:59.974765,2012-10-18 16:59:59.974765,f,"",item_photo_,image/jpeg,503999,2012-10-18 16:59:58.993127,0
165,54,,,0,,2012-10-18 17:01:25.606245,2012-10-18 17:01:25.606245,f,"",item_photo_,image/jpeg,437562,2012-10-18 17:01:22.467655,0
166,54,,,0,,2012-10-18 17:01:52.860489,2012-10-18 17:01:52.860489,f,"",item_photo_,image/jpeg,287256,2012-10-18 17:01:51.682462,0
167,54,,,0,,2012-10-18 17:02:25.694777,2012-10-18 17:02:25.694777,f,"",item_photo_,image/jpeg,600624,2012-10-18 17:02:24.850165,0
169,54,,,0,,2012-10-18 17:03:09.638188,2012-10-18 17:03:09.638188,f,"",item_photo_,image/jpeg,543954,2012-10-18 17:03:08.875289,0
171,54,,,0,,2012-10-18 17:03:53.811682,2012-10-18 17:03:53.811682,f,"",item_photo_,image/jpeg,528416,2012-10-18 17:03:52.386457,0
172,54,,,0,,2012-10-18 17:04:19.383675,2012-10-18 17:04:19.383675,f,"",item_photo_,image/jpeg,439040,2012-10-18 17:04:18.219337,0
173,54,,,0,,2012-10-18 17:04:37.476843,2012-10-18 17:04:37.476843,f,"",item_photo_,image/jpeg,283731,2012-10-18 17:04:36.391517,0
174,54,,,0,,2012-10-18 17:04:57.497681,2012-10-18 17:04:57.497681,f,"",item_photo_,image/jpeg,472464,2012-10-18 17:04:56.375655,0
175,54,,,0,,2012-10-18 17:05:21.235997,2012-10-18 17:05:21.235997,f,"",item_photo_,image/jpeg,398207,2012-10-18 17:05:20.094844,0
176,54,,,0,,2012-10-18 17:05:49.586261,2012-10-18 17:05:49.586261,f,"",item_photo_,image/jpeg,492094,2012-10-18 17:05:48.346451,0
177,54,,,0,,2012-10-18 17:06:10.125431,2012-10-18 17:06:10.125431,f,"",item_photo_,image/jpeg,315505,2012-10-18 17:06:09.400008,0
178,54,,,0,,2012-10-18 17:06:37.385984,2012-10-18 17:06:37.385984,f,"",item_photo_,image/jpeg,575607,2012-10-18 17:06:36.175393,0
195,59,,,1,,2012-10-19 04:14:49.574935,2012-10-19 13:37:36.78328,f,Mango land,item_photo_,image/jpeg,302940,2012-10-19 04:14:48.674515,0
183,56,,,0,,2012-10-19 02:12:38.32765,2012-10-19 02:16:23.007185,f,Charity,item_photo_,image/jpeg,309318,2012-10-19 02:12:37.492122,0
198,57,,,3,,2012-10-19 04:18:37.799051,2012-10-24 22:58:15.494687,f,Physique ,item_photo_,image/jpeg,45426,2012-10-19 04:18:35.975957,0
149,53,,,4,,2012-10-18 14:56:19.784519,2012-10-20 04:36:28.202175,f,Rick Ross,item_photo_,image/jpeg,484890,2012-10-18 14:56:18.948733,0
147,53,,,1,,2012-10-18 14:54:45.166601,2012-10-19 03:41:43.869498,f,Sheamus,item_photo_,image/jpeg,388312,2012-10-18 14:54:44.427586,0
193,59,,,3,,2012-10-19 04:13:33.740178,2012-10-22 06:43:12.639198,f,Hawaii,item_photo_,image/jpeg,369822,2012-10-19 04:13:32.938863,0
170,54,,,2,,2012-10-18 17:03:38.611132,2012-11-01 05:19:16.873745,f,"",item_photo_,image/jpeg,511468,2012-10-18 17:03:37.621879,0
158,54,,,2,,2012-10-18 16:57:18.149492,2012-10-23 17:22:57.139284,f,"",item_photo_,image/jpeg,557893,2012-10-18 16:57:17.301131,0
138,45,,,4,,2012-10-17 21:46:01.450089,2012-10-30 21:09:14.957164,f,"",item_photo_,image/jpeg,252399,2012-10-17 21:46:00.237472,0
186,58,,,0,,2012-10-19 03:52:00.342987,2012-10-19 03:52:00.342987,f,Mmm ice cream,item_photo_,image/jpeg,427122,2012-10-19 03:51:59.575405,0
187,58,,,0,,2012-10-19 03:52:27.763338,2012-10-19 03:52:27.763338,f,Masubi,item_photo_,image/jpeg,360135,2012-10-19 03:52:25.491286,0
150,53,,,1,,2012-10-18 14:57:06.140442,2012-10-19 16:04:19.692749,f,Yung Kee,item_photo_,image/jpeg,323524,2012-10-18 14:57:05.367729,0
194,59,,,0,,2012-10-19 04:14:01.969245,2012-10-19 04:14:01.969245,f,Hotel,item_photo_,image/jpeg,710203,2012-10-19 04:14:01.203545,0
184,56,,,1,,2012-10-19 02:13:15.749946,2012-10-19 17:21:31.916387,f,Style,item_photo_,image/jpeg,133065,2012-10-19 02:13:15.073681,0
182,56,,,5,,2012-10-19 02:12:05.594041,2012-10-21 05:29:33.930895,f,Flowers & Gestures,item_photo_,image/jpeg,306809,2012-10-19 02:12:04.747323,0
135,43,,,14,,2012-10-17 17:57:04.638462,2012-10-29 00:21:18.508547,f,Stanford,item_photo_,image/jpeg,435947,2012-10-17 17:57:03.039173,0
168,54,,,1,,2012-10-18 17:02:41.109076,2012-10-19 17:19:16.32689,f,"",item_photo_,image/jpeg,377761,2012-10-18 17:02:40.213002,0
191,58,,,4,,2012-10-19 03:55:04.063484,2012-10-27 00:25:36.761266,f,Shao lung bao,item_photo_,image/jpeg,508191,2012-10-19 03:55:02.553048,0
148,53,,,1,,2012-10-18 14:55:34.226107,2012-10-22 03:36:55.412916,f,Cody Simpson,item_photo_,image/jpeg,462580,2012-10-18 14:55:33.591933,0
192,58,,,4,,2012-10-19 03:56:38.264037,2012-10-30 21:25:12.708552,f,Mmmmm,item_photo_,image/jpeg,526999,2012-10-19 03:56:36.870957,0
197,57,,,2,,2012-10-19 04:18:20.784789,2012-10-30 21:06:51.856271,f,Eyes,item_photo_,image/jpeg,184505,2012-10-19 04:18:20.067347,0
202,60,,,0,,2012-10-19 04:23:31.365445,2012-10-19 04:23:31.365445,f,"",item_photo_,image/jpeg,338108,2012-10-19 04:23:30.684464,0
199,57,,,1,,2012-10-19 04:19:31.782747,2012-10-19 04:37:02.873438,f,Smile,item_photo_,image/jpeg,195709,2012-10-19 04:19:30.973972,0
203,61,,,0,,2012-10-19 04:39:25.436921,2012-10-19 04:39:25.436921,f,"",item_photo_,image/jpeg,368218,2012-10-19 04:39:24.534612,0
205,61,,,1,,2012-10-19 04:41:55.872639,2012-10-19 04:46:57.366452,f,"",item_photo_,image/jpeg,364114,2012-10-19 04:41:55.006325,0
208,62,,,0,,2012-10-19 04:47:15.651255,2012-10-19 04:47:15.651255,f,"",item_photo_,image/jpeg,331315,2012-10-19 04:47:14.666442,0
209,62,,,0,,2012-10-19 04:52:35.758099,2012-10-19 04:52:54.960463,t,"",item_photo_,image/jpeg,374576,2012-10-19 04:52:34.914746,0
213,63,,,0,,2012-10-19 04:57:27.654929,2012-10-19 04:57:27.654929,f,"",item_photo_,image/jpeg,371976,2012-10-19 04:57:26.325715,0
215,63,,,0,,2012-10-19 04:59:11.841923,2012-10-19 04:59:11.841923,f,"",item_photo_,image/jpeg,420897,2012-10-19 04:59:11.095246,0
250,76,,,0,,2012-10-20 20:00:49.816746,2012-10-20 20:00:49.816746,f,"",item_photo_,image/jpeg,326031,2012-10-20 20:00:48.981849,0
235,69,,,1,,2012-10-19 17:16:20.30687,2012-10-19 22:15:58.354698,f,"",item_photo_,image/jpeg,239471,2012-10-19 17:16:19.702642,0
204,61,,,1,,2012-10-19 04:41:34.480201,2012-10-20 20:55:05.728314,f,"",item_photo_,image/jpeg,353594,2012-10-19 04:41:33.557669,0
212,63,,,1,,2012-10-19 04:55:34.029135,2012-10-19 05:11:48.596584,f,"",item_photo_,image/jpeg,423613,2012-10-19 04:55:32.234958,0
206,61,,,3,,2012-10-19 04:42:18.146546,2012-10-23 07:20:36.127217,f,"",item_photo_,image/jpeg,403667,2012-10-19 04:42:17.339234,0
216,64,,,0,,2012-10-19 05:49:28.905348,2012-10-19 05:49:28.905348,f,"",item_photo_,image/jpeg,347892,2012-10-19 05:49:27.941387,0
251,76,,,0,,2012-10-20 20:01:07.635473,2012-10-20 20:01:07.635473,f,"",item_photo_,image/jpeg,459652,2012-10-20 20:01:06.488533,0
211,62,,,1,,2012-10-19 04:54:24.804412,2012-10-19 13:39:23.09577,f,Beautiful San Francisco,item_photo_,image/jpeg,266000,2012-10-19 04:54:23.584831,0
221,65,,,0,,2012-10-19 15:50:43.04329,2012-10-19 15:51:14.710578,t,"",item_photo_,image/jpeg,363016,2012-10-19 15:50:42.27022,0
220,67,,,0,,2012-10-19 15:49:56.999233,2012-10-19 15:51:25.183614,t,My titties look so good,item_photo_,image/jpeg,400112,2012-10-19 15:49:56.355159,0
222,68,,,0,,2012-10-19 17:09:36.635877,2012-10-19 17:09:36.635877,f,"",item_photo_,image/jpeg,342717,2012-10-19 17:09:35.422452,0
223,68,,,0,,2012-10-19 17:10:18.460222,2012-10-19 17:10:18.460222,f,"",item_photo_,image/jpeg,170478,2012-10-19 17:10:17.461833,0
224,68,,,0,,2012-10-19 17:10:32.513179,2012-10-19 17:10:32.513179,f,"",item_photo_,image/jpeg,472749,2012-10-19 17:10:31.267375,0
225,68,,,0,,2012-10-19 17:10:50.836695,2012-10-19 17:10:50.836695,f,"",item_photo_,image/jpeg,195100,2012-10-19 17:10:49.750092,0
226,68,,,0,,2012-10-19 17:11:06.847134,2012-10-19 17:11:20.954629,t,"",item_photo_,image/jpeg,472749,2012-10-19 17:11:05.953877,0
227,68,,,0,,2012-10-19 17:11:38.375805,2012-10-19 17:11:38.375805,f,"",item_photo_,image/jpeg,318684,2012-10-19 17:11:37.596725,0
228,68,,,0,,2012-10-19 17:12:05.355639,2012-10-19 17:12:05.355639,f,"",item_photo_,image/jpeg,370693,2012-10-19 17:12:03.326124,0
229,68,,,0,,2012-10-19 17:12:30.41491,2012-10-19 17:12:30.41491,f,"",item_photo_,image/jpeg,239471,2012-10-19 17:12:29.760109,0
230,68,,,0,,2012-10-19 17:13:03.118785,2012-10-19 17:13:03.118785,f,"",item_photo_,image/jpeg,133095,2012-10-19 17:13:02.346591,0
254,77,,,2,,2012-10-20 20:11:00.191838,2012-10-23 08:55:46.577882,f,"",item_photo_,image/jpeg,224990,2012-10-20 20:10:59.379265,0
231,69,,,0,,2012-10-19 17:15:13.863178,2012-10-19 17:15:13.863178,f,"",item_photo_,image/jpeg,170478,2012-10-19 17:15:12.901599,0
232,69,,,0,,2012-10-19 17:15:28.579266,2012-10-19 17:15:28.579266,f,"",item_photo_,image/jpeg,195100,2012-10-19 17:15:27.288615,0
233,69,,,0,,2012-10-19 17:15:41.754629,2012-10-19 17:15:41.754629,f,"",item_photo_,image/jpeg,472749,2012-10-19 17:15:41.082121,0
219,64,,,2,,2012-10-19 05:50:21.777291,2012-10-19 17:21:52.860747,f,"",item_photo_,image/jpeg,709846,2012-10-19 05:50:20.809881,0
236,71,,,0,,2012-10-19 17:41:07.17525,2012-10-19 17:41:07.17525,f,"",item_photo_,image/jpeg,423481,2012-10-19 17:41:06.231226,0
241,70,,,0,,2012-10-19 17:44:56.725853,2012-10-19 17:44:56.725853,f,"",item_photo_,image/jpeg,460935,2012-10-19 17:44:55.434293,0
245,74,,,1,,2012-10-20 03:30:37.169206,2012-10-20 05:57:53.659347,f,2009 Purdue new year gala show,item_photo_,image/jpeg,337993,2012-10-20 03:30:36.253593,0
242,72,,,0,,2012-10-19 20:23:16.437698,2012-10-19 20:23:25.876607,t,"",item_photo_,image/jpeg,340563,2012-10-19 20:23:15.103571,0
247,74,,,8,,2012-10-20 03:32:42.602818,2012-11-01 05:15:01.351545,f,Grand canyon dangerous handstand,item_photo_,image/jpeg,349678,2012-10-20 03:32:41.440886,0
243,74,,,0,,2012-10-20 03:29:02.249601,2012-10-20 03:29:02.249601,f,air chair,item_photo_,image/jpeg,477317,2012-10-20 03:29:01.202965,0
246,74,,,0,,2012-10-20 03:31:28.039068,2012-10-20 03:31:28.039068,f,Nike,item_photo_,image/jpeg,343246,2012-10-20 03:31:26.825966,0
210,62,,,1,,2012-10-19 04:53:11.733907,2012-10-22 03:34:01.249982,f,"",item_photo_,image/jpeg,338839,2012-10-19 04:53:10.417011,0
259,79,,,2,,2012-10-22 06:59:34.178484,2012-10-26 06:09:55.561087,f,"",item_photo_,image/jpeg,523913,2012-10-22 06:59:33.241014,0
240,70,,,1,,2012-10-19 17:43:36.140895,2012-10-20 04:33:14.858323,f,"",item_photo_,image/jpeg,462975,2012-10-19 17:43:35.280575,0
137,45,,,5,,2012-10-17 21:45:35.6131,2012-10-20 04:33:49.398722,f,This one?,item_photo_,image/jpeg,172041,2012-10-17 21:45:31.823795,0
217,64,,,2,,2012-10-19 05:49:46.85994,2012-10-22 03:30:46.07997,f,"",item_photo_,image/jpeg,696990,2012-10-19 05:49:45.85191,0
255,77,,,0,,2012-10-20 20:11:11.189195,2012-10-20 20:11:11.189195,f,"",item_photo_,image/jpeg,206459,2012-10-20 20:11:09.952798,0
239,70,,,2,,2012-10-19 17:42:04.474552,2012-10-20 09:54:05.557028,f,"",item_photo_,image/jpeg,308990,2012-10-19 17:42:03.850572,0
214,63,,,2,,2012-10-19 04:58:45.211555,2012-10-24 22:55:29.443918,f,"",item_photo_,image/jpeg,425920,2012-10-19 04:58:44.52198,0
200,57,,,4,,2012-10-19 04:20:17.094207,2012-10-22 03:30:06.590267,f,Hair,item_photo_,image/jpeg,162604,2012-10-19 04:20:16.115889,0
253,77,,,1,,2012-10-20 20:10:47.22903,2012-10-21 04:25:59.608375,f,"",item_photo_,image/jpeg,170433,2012-10-20 20:10:46.012044,0
248,75,,,0,,2012-10-20 14:16:29.583398,2012-10-20 14:16:29.583398,f,"",item_photo_,image/jpeg,250782,2012-10-20 14:16:28.845775,0
257,77,,,0,,2012-10-20 20:11:42.049181,2012-10-20 20:11:42.049181,f,"",item_photo_,image/jpeg,210274,2012-10-20 20:11:41.163924,0
256,77,,,2,,2012-10-20 20:11:27.504746,2012-10-28 03:07:01.3453,f,"",item_photo_,image/jpeg,207342,2012-10-20 20:11:26.663119,0
201,60,,,2,,2012-10-19 04:23:12.280194,2012-10-20 20:54:21.354335,f,"",item_photo_,image/jpeg,378115,2012-10-19 04:23:11.44477,0
207,62,,,4,,2012-10-19 04:46:52.128371,2012-10-22 06:43:47.779179,f,San diego,item_photo_,image/jpeg,408002,2012-10-19 04:46:51.157385,0
218,64,,,1,,2012-10-19 05:50:00.828756,2012-10-21 00:13:32.657248,f,"",item_photo_,image/jpeg,188683,2012-10-19 05:49:58.170356,0
244,74,,,2,,2012-10-20 03:30:00.631629,2012-10-25 12:53:33.62969,f,2011 Stanford new year gala show,item_photo_,image/jpeg,266550,2012-10-20 03:29:59.55817,0
260,79,,,2,,2012-10-22 07:00:02.305067,2012-10-24 22:48:21.200594,f,"",item_photo_,image/jpeg,325386,2012-10-22 07:00:01.627976,0
238,70,,,5,,2012-10-19 17:41:32.198384,2012-10-21 15:48:02.241074,f,"",item_photo_,image/jpeg,357468,2012-10-19 17:41:30.897376,0
132,42,,,2,,2012-10-17 17:51:51.750973,2012-10-22 05:42:09.039429,f,"",item_photo_,image/jpeg,349443,2012-10-17 17:51:50.395352,0
179,54,,,3,,2012-10-18 17:07:16.703774,2012-10-22 06:54:07.512375,f,"",item_photo_,image/jpeg,605745,2012-10-18 17:07:14.722003,0
249,76,,,3,,2012-10-20 20:00:11.555489,2012-10-22 05:43:36.666939,f,"",item_photo_,image/jpeg,320702,2012-10-20 20:00:10.704218,0
196,59,,,1,,2012-10-19 04:16:00.051838,2012-10-22 06:54:28.143858,f,"Marina, San Francisco",item_photo_,image/jpeg,383778,2012-10-19 04:15:58.119908,0
234,69,,,3,,2012-10-19 17:15:53.728407,2012-11-01 05:15:48.207935,f,"",item_photo_,image/jpeg,318684,2012-10-19 17:15:53.153433,0
258,79,,,0,,2012-10-22 06:58:39.875578,2012-10-22 06:58:39.875578,f,"",item_photo_,image/jpeg,248354,2012-10-22 06:58:39.087731,0
265,80,,,0,,2012-10-22 07:11:46.047133,2012-10-22 07:11:46.047133,f,"",item_photo_,image/jpeg,360455,2012-10-22 07:11:45.318783,0
309,95,,,1,,2012-10-24 23:27:17.63022,2012-10-25 02:15:32.974883,f,Facebook,item_photo_,image/jpeg,41378,2012-10-24 23:27:16.989883,0
268,81,,,0,,2012-10-22 07:17:17.631822,2012-10-22 07:17:17.631822,f,Mojito passionfruit,item_photo_,image/jpeg,357263,2012-10-22 07:17:16.342688,0
269,81,,,0,,2012-10-22 07:18:17.480682,2012-10-22 07:18:17.480682,f,Pinneapple coctail,item_photo_,image/jpeg,406984,2012-10-22 07:18:16.618283,0
270,82,,,0,,2012-10-22 07:20:20.120974,2012-10-22 07:20:37.707958,f,Gel nimbus 14,item_photo_,image/jpeg,143665,2012-10-22 07:20:18.566743,0
273,82,,,0,,2012-10-22 07:24:01.569883,2012-10-22 07:24:01.569883,f,Gel nimbus 13,item_photo_,image/jpeg,499190,2012-10-22 07:24:00.776731,0
252,76,,,2,,2012-10-20 20:01:23.925398,2012-10-23 04:11:59.96746,f,"",item_photo_,image/jpeg,417755,2012-10-20 20:01:22.717204,0
237,71,,,7,,2012-10-19 17:41:22.91076,2012-10-24 22:55:01.40568,f,"",item_photo_,image/jpeg,324486,2012-10-19 17:41:22.229132,0
308,95,,,3,,2012-10-24 23:27:15.607937,2012-10-26 06:51:05.857822,f,Apple,item_photo_,image/jpeg,53588,2012-10-24 23:27:14.928492,0
263,80,,,2,,2012-10-22 07:10:24.105038,2012-10-23 08:57:14.089681,f,"",item_photo_,image/jpeg,176375,2012-10-22 07:10:23.339629,0
305,93,,,0,,2012-10-24 22:58:02.924855,2012-10-24 22:58:02.924855,f,"",item_photo_,image/jpeg,351586,2012-10-24 22:58:02.112795,0
266,81,,,1,,2012-10-22 07:14:42.16202,2012-10-23 09:11:08.480317,f,Latte cap,item_photo_,image/jpeg,320919,2012-10-22 07:14:41.367579,0
306,94,,,0,,2012-10-24 23:00:34.656352,2012-10-24 23:00:34.656352,f,"",item_photo_,image/jpeg,308027,2012-10-24 23:00:30.944987,0
272,82,,,3,,2012-10-22 07:22:55.320066,2012-10-23 09:31:28.285344,f,Asics gel noosa,item_photo_,image/jpeg,440882,2012-10-22 07:22:54.486852,0
267,81,,,1,,2012-10-22 07:15:49.145609,2012-10-23 09:31:48.754233,f,Daquiri strawberry,item_photo_,image/jpeg,394809,2012-10-22 07:15:46.753842,0
261,79,,,1,,2012-10-22 07:01:32.701128,2012-10-30 21:17:47.980602,f,"",item_photo_,image/jpeg,339962,2012-10-22 07:01:31.892119,0
274,85,,,0,,2012-10-23 15:47:31.414333,2012-10-23 15:47:31.414333,f,"",item_photo_,image/jpeg,468985,2012-10-23 15:47:30.500824,0
275,86,,,0,,2012-10-23 18:52:11.225189,2012-10-23 18:52:11.225189,f,"",item_photo_,image/jpeg,587816,2012-10-23 18:52:09.883229,0
276,86,,,0,,2012-10-23 18:52:18.781209,2012-10-23 18:52:18.781209,f,"",item_photo_,image/jpeg,614951,2012-10-23 18:52:17.367162,0
277,86,,,0,,2012-10-23 18:52:20.58604,2012-10-23 18:52:20.58604,f,"",item_photo_,image/jpeg,471081,2012-10-23 18:52:19.340334,0
278,86,,,0,,2012-10-23 18:52:23.194244,2012-10-23 18:52:23.194244,f,"",item_photo_,image/jpeg,423120,2012-10-23 18:52:21.903706,0
279,86,,,0,,2012-10-23 18:52:24.95234,2012-10-23 18:52:24.95234,f,"",item_photo_,image/jpeg,590922,2012-10-23 18:52:23.756943,0
280,86,,,0,,2012-10-23 18:52:27.790849,2012-10-23 18:52:27.790849,f,"",item_photo_,image/jpeg,732578,2012-10-23 18:52:25.935225,0
282,87,,,0,,2012-10-23 18:56:49.265497,2012-10-23 18:56:49.265497,f,"",item_photo_,image/jpeg,423120,2012-10-23 18:56:47.938073,0
283,87,,,0,,2012-10-23 18:56:52.86098,2012-10-23 18:56:52.86098,f,"",item_photo_,image/jpeg,471081,2012-10-23 18:56:49.74055,0
284,87,,,0,,2012-10-23 18:56:55.387569,2012-10-23 18:56:55.387569,f,"",item_photo_,image/jpeg,587816,2012-10-23 18:56:53.455801,0
285,87,,,0,,2012-10-23 18:56:57.801169,2012-10-23 18:56:57.801169,f,"",item_photo_,image/jpeg,590922,2012-10-23 18:56:56.129983,0
307,95,,,2,,2012-10-24 23:27:14.542103,2012-10-30 00:14:00.183377,f,Google,item_photo_,image/jpeg,20327,2012-10-24 23:27:13.84604,0
288,88,,,0,,2012-10-23 20:20:19.486475,2012-10-23 20:20:19.486475,f,"",item_photo_,image/jpeg,382662,2012-10-23 20:20:18.246716,0
291,89,,,0,,2012-10-24 04:14:18.303768,2012-10-24 04:14:18.303768,f,"",item_photo_,image/jpeg,507766,2012-10-24 04:14:16.128639,0
292,89,,,0,,2012-10-24 04:14:19.901494,2012-10-24 04:14:19.901494,f,"",item_photo_,image/jpeg,543393,2012-10-24 04:14:18.860877,0
293,89,,,0,,2012-10-24 04:14:21.374764,2012-10-24 04:14:21.374764,f,"",item_photo_,image/jpeg,458632,2012-10-24 04:14:20.278284,0
294,89,,,0,,2012-10-24 04:14:22.816544,2012-10-24 04:14:22.816544,f,"",item_photo_,image/jpeg,482900,2012-10-24 04:14:21.839552,0
295,89,,,0,,2012-10-24 04:14:24.09659,2012-10-24 04:14:24.09659,f,"",item_photo_,image/jpeg,504146,2012-10-24 04:14:23.234089,0
296,89,,,0,,2012-10-24 04:14:25.449699,2012-10-24 04:14:25.449699,f,"",item_photo_,image/jpeg,423273,2012-10-24 04:14:24.533203,0
297,89,,,0,,2012-10-24 04:14:26.75828,2012-10-24 04:14:26.75828,f,"",item_photo_,image/jpeg,506635,2012-10-24 04:14:25.953771,0
298,89,,,0,,2012-10-24 04:14:28.151032,2012-10-24 04:14:28.151032,f,"",item_photo_,image/jpeg,508234,2012-10-24 04:14:27.307331,0
299,90,,,0,,2012-10-24 04:40:02.089648,2012-10-24 04:40:02.089648,f,"",item_photo_,image/jpeg,508424,2012-10-24 04:40:01.311431,0
300,90,,,0,,2012-10-24 04:40:07.947045,2012-10-24 04:40:07.947045,f,"",item_photo_,image/jpeg,412746,2012-10-24 04:40:07.08127,0
301,90,,,0,,2012-10-24 04:40:09.271584,2012-10-24 04:40:09.271584,f,"",item_photo_,image/jpeg,560371,2012-10-24 04:40:08.531325,0
281,87,,,1,,2012-10-23 18:56:47.338102,2012-10-28 01:18:00.004212,f,"",item_photo_,image/jpeg,732578,2012-10-23 18:56:46.009434,0
302,91,,,0,,2012-10-24 15:40:55.534277,2012-10-24 15:40:55.534277,f,"",item_photo_,image/jpeg,329248,2012-10-24 15:40:54.510894,0
303,91,,,0,,2012-10-24 15:45:59.473406,2012-10-24 15:45:59.473406,f,"",item_photo_,image/jpeg,408085,2012-10-24 15:45:58.082602,0
304,92,,,0,,2012-10-24 22:18:59.140682,2012-10-24 22:18:59.140682,f,"",item_photo_,image/jpeg,344046,2012-10-24 22:18:58.018695,0
289,88,,,2,,2012-10-23 20:20:21.179589,2012-10-24 22:47:29.245679,f,"",item_photo_,image/jpeg,522609,2012-10-23 20:20:20.111147,0
264,80,,,2,,2012-10-22 07:10:58.36593,2012-10-30 21:13:53.193879,f,"",item_photo_,image/jpeg,315924,2012-10-22 07:10:57.428804,0
312,95,,,0,,2012-10-24 23:27:20.924623,2012-10-24 23:28:15.613659,f,Hewlett-Packard,item_photo_,image/jpeg,39531,2012-10-24 23:27:20.223255,0
310,95,,,0,,2012-10-24 23:27:18.575184,2012-10-24 23:28:42.578433,f,Yahoo,item_photo_,image/jpeg,23775,2012-10-24 23:27:18.030175,0
314,95,,,1,,2012-10-24 23:27:24.782345,2012-10-24 23:38:59.073695,f,Microsoft,item_photo_,image/jpeg,139335,2012-10-24 23:27:23.490812,0
318,97,,,1,,2012-10-25 02:43:15.884517,2012-10-26 03:16:55.895791,f,Gemini,item_photo_,image/jpeg,271353,2012-10-25 02:43:13.266313,0
313,95,,,1,,2012-10-24 23:27:23.116987,2012-10-27 05:41:28.006908,f,Oracle,item_photo_,image/jpeg,23560,2012-10-24 23:27:22.457991,0
311,95,,,1,,2012-10-24 23:27:19.622876,2012-10-25 01:46:36.301869,f,LinkedIn,item_photo_,image/jpeg,49561,2012-10-24 23:27:18.969583,0
315,96,,,0,,2012-10-25 01:47:14.909778,2012-10-25 01:47:14.909778,f,"",item_photo_,image/jpeg,449304,2012-10-25 01:47:13.96553,0
323,97,,,0,,2012-10-25 02:46:14.946017,2012-10-25 02:49:58.466782,f,Libra,item_photo_,image/jpeg,468645,2012-10-25 02:46:13.557399,0
287,88,,,1,,2012-10-23 20:20:17.700218,2012-10-25 07:43:35.778502,f,"",item_photo_,image/jpeg,455683,2012-10-23 20:20:16.080215,0
321,97,,,0,,2012-10-25 02:46:11.213168,2012-10-25 02:52:54.703058,f,Leo,item_photo_,image/jpeg,188167,2012-10-25 02:46:10.514251,0
320,97,,,0,,2012-10-25 02:46:10.002797,2012-10-25 02:53:15.548652,f,Scorpio,item_photo_,image/jpeg,167104,2012-10-25 02:46:09.39125,0
319,97,,,0,,2012-10-25 02:43:18.222924,2012-10-25 02:53:29.758,f,Aries,item_photo_,image/jpeg,354489,2012-10-25 02:43:16.529247,0
262,80,,,2,,2012-10-22 07:09:41.508008,2012-10-26 06:08:48.334389,f,"",item_photo_,image/jpeg,591492,2012-10-22 07:09:40.573921,0
317,97,,,0,,2012-10-25 02:43:12.03857,2012-10-25 02:54:05.101575,f,Cancer,item_photo_,image/jpeg,255455,2012-10-25 02:43:08.73099,0
316,97,,,0,,2012-10-25 02:43:07.750971,2012-10-25 02:54:33.904983,f,Taurus,item_photo_,image/jpeg,308660,2012-10-25 02:43:04.563236,0
322,97,,,1,,2012-10-25 02:46:12.512026,2012-10-25 04:08:59.048799,f,Virgo,item_photo_,image/jpeg,383219,2012-10-25 02:46:11.66618,0
290,88,,,2,,2012-10-23 20:20:23.766155,2012-10-28 01:16:25.772616,f,"",item_photo_,image/jpeg,539302,2012-10-23 20:20:21.78338,0
286,87,,,2,,2012-10-23 18:56:59.924949,2012-10-28 23:55:15.435645,f,"",item_photo_,image/jpeg,443425,2012-10-23 18:56:58.429687,0
271,82,,,1,,2012-10-22 07:21:39.989203,2012-10-30 21:18:06.581815,f,Gel kayano noosa 18,item_photo_,image/jpeg,540070,2012-10-22 07:21:39.25604,0
372,105,,,1,,2012-10-25 14:18:07.173115,2012-10-30 20:37:15.619822,f,"",item_photo_,image/jpeg,646929,2012-10-25 14:18:06.044644,0
360,104,,,1,,2012-10-25 06:48:13.303974,2012-10-25 12:42:35.663732,f,White beach,item_photo_,image/jpeg,211534,2012-10-25 06:48:12.073522,0
325,97,,,0,,2012-10-25 02:47:52.759348,2012-10-25 02:49:24.33909,f,Aquarius,item_photo_,image/jpeg,418826,2012-10-25 02:47:52.006596,0
324,97,,,0,,2012-10-25 02:47:51.508121,2012-10-25 02:49:43.684073,f,Capricorn,item_photo_,image/jpeg,398721,2012-10-25 02:47:50.844209,0
329,94,,,0,,2012-10-25 03:53:20.221996,2012-10-25 03:53:20.221996,f,"",item_photo_,image/jpeg,593277,2012-10-25 03:53:18.897071,0
330,94,,,0,,2012-10-25 03:53:21.858481,2012-10-25 03:53:21.858481,f,"",item_photo_,image/jpeg,570189,2012-10-25 03:53:20.783525,0
332,98,,,0,,2012-10-25 03:59:48.239788,2012-10-25 03:59:48.239788,f,"",item_photo_,image/jpeg,2060244,2012-10-25 03:59:45.220897,0
333,98,,,0,,2012-10-25 03:59:54.913402,2012-10-25 03:59:54.913402,f,"",item_photo_,image/jpeg,4281192,2012-10-25 03:59:51.438829,0
334,98,,,0,,2012-10-25 03:59:58.98539,2012-10-25 03:59:58.98539,f,"",item_photo_,image/jpeg,3407211,2012-10-25 03:59:55.789992,0
328,94,,,1,,2012-10-25 03:53:18.218148,2012-10-25 04:09:39.050668,f,"",item_photo_,image/jpeg,1005300,2012-10-25 03:53:17.015185,0
335,99,,,0,,2012-10-25 04:17:36.566041,2012-10-25 04:17:36.566041,f,"",item_photo_,image/jpeg,860355,2012-10-25 04:17:35.436934,0
336,99,,,0,,2012-10-25 04:17:38.304782,2012-10-25 04:17:38.304782,f,"",item_photo_,image/jpeg,770509,2012-10-25 04:17:37.096853,0
337,99,,,0,,2012-10-25 04:17:40.316784,2012-10-25 04:17:40.316784,f,"",item_photo_,image/jpeg,1489546,2012-10-25 04:17:38.902423,0
338,99,,,0,,2012-10-25 04:17:42.080409,2012-10-25 04:17:42.080409,f,"",item_photo_,image/jpeg,1416346,2012-10-25 04:17:40.903054,0
339,99,,,0,,2012-10-25 04:17:44.005089,2012-10-25 04:17:44.005089,f,"",item_photo_,image/jpeg,1189553,2012-10-25 04:17:42.581155,0
340,99,,,0,,2012-10-25 04:17:45.913111,2012-10-25 04:17:45.913111,f,"",item_photo_,image/jpeg,662195,2012-10-25 04:17:44.703212,0
342,99,,,0,,2012-10-25 04:17:48.91022,2012-10-25 04:17:48.91022,f,"",item_photo_,image/jpeg,689937,2012-10-25 04:17:47.856919,0
343,99,,,0,,2012-10-25 04:17:50.550681,2012-10-25 04:17:50.550681,f,"",item_photo_,image/jpeg,848682,2012-10-25 04:17:49.452358,0
344,99,,,0,,2012-10-25 04:17:51.942435,2012-10-25 04:17:51.942435,f,"",item_photo_,image/jpeg,433017,2012-10-25 04:17:51.061464,0
345,99,,,0,,2012-10-25 04:17:53.413213,2012-10-25 04:17:53.413213,f,"",item_photo_,image/jpeg,725253,2012-10-25 04:17:52.47383,0
346,99,,,0,,2012-10-25 04:17:55.016271,2012-10-25 04:17:55.016271,f,"",item_photo_,image/jpeg,693540,2012-10-25 04:17:53.913313,0
347,99,,,0,,2012-10-25 04:17:57.720645,2012-10-25 04:17:57.720645,f,"",item_photo_,image/jpeg,632424,2012-10-25 04:17:56.570314,0
348,99,,,0,,2012-10-25 04:18:00.766095,2012-10-25 04:18:00.766095,f,"",item_photo_,image/jpeg,768827,2012-10-25 04:17:59.434982,0
350,100,,,0,,2012-10-25 04:47:04.115139,2012-10-25 04:47:04.115139,f,"",item_photo_,image/jpeg,2568392,2012-10-25 04:47:01.218561,0
378,109,,,0,,2012-10-25 22:13:03.405222,2012-10-25 22:13:03.405222,f,Me bad smile but ok ,item_photo_,image/jpeg,44274,2012-10-25 22:13:02.742025,0
341,99,,,1,,2012-10-25 04:17:47.452698,2012-10-25 04:52:57.178492,f,"",item_photo_,image/jpeg,740333,2012-10-25 04:17:46.472987,0
353,101,,,0,,2012-10-25 04:58:44.046423,2012-10-25 04:58:44.046423,f,Style,item_photo_,image/jpeg,169884,2012-10-25 04:58:42.915458,0
354,101,,,0,,2012-10-25 04:58:45.071857,2012-10-25 04:58:45.071857,f,Gangnam,item_photo_,image/jpeg,154615,2012-10-25 04:58:44.415964,0
355,101,,,0,,2012-10-25 04:58:46.265567,2012-10-25 04:58:46.265567,f,Garb,item_photo_,image/jpeg,212221,2012-10-25 04:58:45.471944,0
356,101,,,1,,2012-10-25 04:58:47.426037,2012-10-25 05:01:38.915169,f,Yeah,item_photo_,image/jpeg,198238,2012-10-25 04:58:46.676706,0
352,100,,,2,,2012-10-25 04:47:11.682486,2012-10-30 00:13:42.312639,f,"",item_photo_,image/jpeg,4843269,2012-10-25 04:47:08.515265,0
357,102,,,0,,2012-10-25 05:06:09.453065,2012-10-25 05:06:09.453065,f,<3,item_photo_,image/jpeg,374424,2012-10-25 05:06:07.854329,0
358,103,,,0,,2012-10-25 05:06:41.100986,2012-10-25 05:06:41.100986,f,Watch,item_photo_,image/jpeg,427241,2012-10-25 05:06:39.564277,0
359,103,,,0,,2012-10-25 05:11:31.702071,2012-10-25 05:11:31.702071,f,Headphone,item_photo_,image/jpeg,396243,2012-10-25 05:11:30.775982,0
368,104,,,2,,2012-10-25 06:48:36.371356,2012-10-30 17:58:26.972433,f,Jirijirimo,item_photo_,image/jpeg,244066,2012-10-25 06:48:35.252241,0
331,94,,,2,,2012-10-25 03:53:24.18769,2012-10-25 06:37:34.279057,f,"",item_photo_,image/jpeg,713587,2012-10-25 03:53:23.240841,0
362,104,,,0,,2012-10-25 06:48:20.135844,2012-10-25 06:48:20.135844,f,Ruiz's snowy,item_photo_,image/jpeg,351287,2012-10-25 06:48:17.864746,0
363,104,,,0,,2012-10-25 06:48:22.901489,2012-10-25 06:48:22.901489,f,Cocuy's snowy,item_photo_,image/jpeg,262902,2012-10-25 06:48:21.665566,0
365,104,,,0,,2012-10-25 06:48:26.177018,2012-10-25 06:48:26.177018,f,Chiribiquete,item_photo_,image/jpeg,422474,2012-10-25 06:48:24.898759,0
371,105,,,0,,2012-10-25 14:18:05.477096,2012-10-25 14:18:05.477096,f,"",item_photo_,image/jpeg,511251,2012-10-25 14:18:04.471818,0
351,100,,,2,,2012-10-25 04:47:07.682914,2012-10-25 06:51:10.370205,f,"",item_photo_,image/jpeg,2699863,2012-10-25 04:47:04.814898,0
373,105,,,0,,2012-10-25 14:18:09.048067,2012-10-25 14:18:09.048067,f,"",item_photo_,image/jpeg,856030,2012-10-25 14:18:07.715109,0
374,105,,,0,,2012-10-25 14:18:10.933754,2012-10-25 14:18:10.933754,f,"",item_photo_,image/jpeg,786773,2012-10-25 14:18:09.578042,0
326,97,,,2,,2012-10-25 02:47:54.484353,2012-10-30 00:13:19.624088,f,Sagittarius,item_photo_,image/jpeg,402460,2012-10-25 02:47:53.274901,0
376,108,,,3,,2012-10-25 20:26:26.948623,2012-10-26 04:12:02.577483,f,Wat vind je hiervan?,item_photo_,image/jpeg,2466529,2012-10-25 20:26:25.114286,0
369,104,,,2,,2012-10-25 06:48:38.231617,2012-10-25 16:57:47.013485,f,Tumparro,item_photo_,image/jpeg,349258,2012-10-25 06:48:36.753154,0
366,104,,,2,,2012-10-25 06:48:27.719233,2012-10-25 17:06:36.231057,f,Guajira ,item_photo_,image/jpeg,216957,2012-10-25 06:48:26.601614,0
375,107,,,0,,2012-10-25 19:16:49.246449,2012-10-25 19:16:49.246449,f,Me like & comment <3,item_photo_,image/jpeg,610699,2012-10-25 19:16:48.328016,0
361,104,,,1,,2012-10-25 06:48:17.375007,2012-10-25 21:57:03.804088,f,Malpelo,item_photo_,image/jpeg,278084,2012-10-25 06:48:14.285102,0
383,109,,,0,,2012-10-25 22:13:09.793077,2012-10-25 22:13:09.793077,f,Not the best but oh well,item_photo_,image/jpeg,48776,2012-10-25 22:13:08.973022,0
386,109,,,0,,2012-10-25 22:13:16.494873,2012-10-25 22:13:16.494873,f,Ugly but ok messy bun ,item_photo_,image/jpeg,26299,2012-10-25 22:13:15.875995,0
385,109,,,0,,2012-10-25 22:13:12.243663,2012-10-25 22:13:50.061558,t,My belly ,item_photo_,image/jpeg,26673,2012-10-25 22:13:11.43483,0
384,109,,,0,,2012-10-25 22:13:11.107238,2012-10-25 22:13:57.710886,t,My dress for school like ?? ,item_photo_,image/jpeg,25678,2012-10-25 22:13:10.276907,0
382,109,,,0,,2012-10-25 22:13:08.534574,2012-10-25 22:13:58.177525,t,My belly ring,item_photo_,image/jpeg,230604,2012-10-25 22:13:07.572287,0
381,109,,,0,,2012-10-25 22:13:07.14496,2012-10-25 22:14:00.416825,t,Mee,item_photo_,image/jpeg,39136,2012-10-25 22:13:06.380388,0
370,105,,,3,,2012-10-25 14:18:03.792936,2012-10-26 04:41:06.220876,f,"",item_photo_,image/jpeg,842375,2012-10-25 14:18:02.561044,0
349,100,,,1,,2012-10-25 04:47:00.077389,2012-10-28 01:09:26.71524,f,"",item_photo_,image/jpeg,3112138,2012-10-25 04:46:57.188748,0
377,108,,,1,,2012-10-25 20:29:09.561955,2012-10-26 01:14:34.516715,f,"",item_photo_,image/jpeg,1788332,2012-10-25 20:29:07.269435,0
389,110,,,1,,2012-10-26 00:29:17.578755,2012-10-30 21:28:01.561367,f,"",item_photo_,image/jpeg,29719,2012-10-26 00:29:16.823739,0
388,110,,,1,,2012-10-26 00:29:16.415368,2012-10-26 05:06:46.101464,f,"",item_photo_,image/jpeg,23952,2012-10-26 00:29:15.584337,0
380,109,,,2,,2012-10-25 22:13:05.864316,2012-10-26 05:55:39.851353,f,Kisses,item_photo_,image/jpeg,31306,2012-10-25 22:13:05.229182,0
327,97,,,1,,2012-10-25 02:47:56.556396,2012-10-28 01:10:11.928814,f,Pisces,item_photo_,image/jpeg,374449,2012-10-25 02:47:55.011104,0
367,104,,,1,,2012-10-25 06:48:33.7608,2012-11-01 05:09:43.54143,f,Victoria regia,item_photo_,image/jpeg,375101,2012-10-25 06:48:32.517538,0
387,109,,,4,,2012-10-25 22:13:17.663142,2012-11-01 20:17:18.100655,f,In the car ,item_photo_,image/jpeg,263885,2012-10-25 22:13:16.866029,0
379,109,,,1,,2012-10-25 22:13:04.610291,2012-10-26 01:13:24.660283,f,Much better ,item_photo_,image/jpeg,32923,2012-10-25 22:13:03.890656,0
424,118,,,0,,2012-10-26 06:55:35.925631,2012-10-26 06:55:35.925631,f,"",item_photo_,image/jpeg,3310093,2012-10-26 06:55:33.261028,0
392,111,,,0,,2012-10-26 03:14:33.260624,2012-10-26 03:14:33.260624,f,"",item_photo_,image/jpeg,2715273,2012-10-26 03:14:30.432774,0
400,113,,,2,,2012-10-26 04:04:18.506596,2012-10-27 19:21:48.010677,f,Shu qi,item_photo_,image/jpeg,183488,2012-10-26 04:04:17.293707,0
453,128,,,1,,2012-10-28 00:01:24.293234,2012-10-28 01:34:16.001299,f,"",item_photo_,image/jpeg,870190,2012-10-28 00:01:23.33141,0
406,115,,,3,,2012-10-26 04:49:48.457801,2012-10-30 20:40:33.420066,f,$32,item_photo_,image/jpeg,130425,2012-10-26 04:49:47.400187,0
397,112,,,0,,2012-10-26 03:36:25.351621,2012-10-26 03:36:25.351621,f,Blake lively,item_photo_,image/jpeg,251450,2012-10-26 03:36:24.295935,0
435,121,,,0,,2012-10-26 20:25:13.880871,2012-10-26 20:25:13.880871,f,"",item_photo_,image/jpeg,7023906,2012-10-26 20:25:08.026468,0
401,113,,,0,,2012-10-26 04:04:20.040592,2012-10-26 04:04:20.040592,f,Gong li,item_photo_,image/jpeg,206826,2012-10-26 04:04:18.919576,0
60,18,,,21,,2012-10-06 04:17:39.845048,2012-11-01 04:59:48.045131,f,$100,item_photo_,image/jpeg,497098,2012-10-06 04:17:39.049707,0
429,120,,,1,,2012-10-26 17:13:22.229608,2012-10-26 22:12:49.209928,f,Chair,item_photo_,image/jpeg,2565517,2012-10-26 17:13:18.628002,0
415,116,,,1,,2012-10-26 04:53:57.594255,2012-10-26 10:30:15.788592,f,Shiny,item_photo_,image/jpeg,371337,2012-10-26 04:53:56.553386,0
402,113,,,1,,2012-10-26 04:04:21.641998,2012-10-26 04:46:54.765441,f,Song hye gyo,item_photo_,image/jpeg,174032,2012-10-26 04:04:20.533469,0
408,115,,,0,,2012-10-26 04:49:52.439632,2012-10-26 04:49:52.439632,f,$56,item_photo_,image/jpeg,173918,2012-10-26 04:49:51.233574,0
409,115,,,0,,2012-10-26 04:49:53.624213,2012-10-26 04:49:53.624213,f,$48,item_photo_,image/jpeg,172797,2012-10-26 04:49:52.813612,0
410,115,,,0,,2012-10-26 04:49:54.830538,2012-10-26 04:49:54.830538,f,$24,item_photo_,image/jpeg,151983,2012-10-26 04:49:54.06732,0
414,116,,,1,,2012-10-26 04:53:56.165365,2012-10-26 04:55:00.88042,f,Divine,item_photo_,image/jpeg,386863,2012-10-26 04:53:55.103264,0
444,124,,,3,,2012-10-27 07:15:37.466111,2012-10-27 15:53:29.171538,f,"",item_photo_,image/jpeg,3554914,2012-10-27 07:15:31.924612,0
393,111,,,2,,2012-10-26 03:14:37.653069,2012-10-30 20:38:08.750002,f,"",item_photo_,image/jpeg,3606256,2012-10-26 03:14:34.907503,0
411,116,,,1,,2012-10-26 04:53:49.289579,2012-10-26 05:00:48.883982,f,Cute orange ,item_photo_,image/jpeg,355911,2012-10-26 04:53:47.893348,0
436,123,,,3,,2012-10-27 05:35:42.884205,2012-10-30 20:42:17.394981,f,"$49, original $75",item_photo_,image/jpeg,30732,2012-10-27 05:35:42.318488,0
440,123,,,2,,2012-10-27 05:35:46.701065,2012-10-28 16:15:08.223906,f,"$49, orignal $75",item_photo_,image/jpeg,33567,2012-10-27 05:35:46.143149,0
404,114,,,1,,2012-10-26 04:19:28.135371,2012-10-26 05:22:29.850528,f,"",item_photo_,image/jpeg,182383,2012-10-26 04:19:26.98169,0
403,113,,,1,,2012-10-26 04:04:23.254069,2012-10-26 05:22:57.867678,f,Vivian hsu,item_photo_,image/jpeg,173915,2012-10-26 04:04:22.024251,0
398,112,,,3,,2012-10-26 03:36:26.639384,2012-10-30 18:01:56.422936,f,Natalie portman,item_photo_,image/jpeg,183124,2012-10-26 03:36:25.721963,0
399,113,,,2,,2012-10-26 04:04:16.634639,2012-10-27 00:24:02.253755,f,Zhang Ziyi,item_photo_,image/jpeg,198777,2012-10-26 04:04:15.153401,0
405,114,,,8,,2012-10-26 04:19:29.749635,2012-10-31 08:02:35.550317,f,"",item_photo_,image/jpeg,192760,2012-10-26 04:19:28.720198,0
407,115,,,10,,2012-10-26 04:49:50.78521,2012-10-30 04:43:58.361786,f,$48,item_photo_,image/jpeg,135792,2012-10-26 04:49:48.970537,0
390,110,,,3,,2012-10-26 00:29:18.759604,2012-10-26 06:31:59.438691,f,"",item_photo_,image/jpeg,37424,2012-10-26 00:29:18.031112,0
391,110,,,1,,2012-10-26 00:30:02.975538,2012-10-26 06:34:00.603577,f,"",item_photo_,image/jpeg,29395,2012-10-26 00:30:02.35797,0
441,124,,,3,,2012-10-27 07:15:14.714519,2012-11-01 07:29:01.580323,f,"",item_photo_,image/jpeg,3182415,2012-10-27 07:15:08.071171,0
416,117,,,0,,2012-10-26 06:49:34.729121,2012-10-26 06:49:34.729121,f,"",item_photo_,image/jpeg,2884531,2012-10-26 06:49:31.596672,0
419,118,,,0,,2012-10-26 06:55:20.609901,2012-10-26 06:55:20.609901,f,"",item_photo_,image/jpeg,139383,2012-10-26 06:55:19.305692,0
420,118,,,0,,2012-10-26 06:55:22.920299,2012-10-26 06:55:22.920299,f,"",item_photo_,image/jpeg,165835,2012-10-26 06:55:21.084817,0
421,118,,,0,,2012-10-26 06:55:24.787696,2012-10-26 06:55:24.787696,f,"",item_photo_,image/jpeg,224726,2012-10-26 06:55:23.522209,0
422,118,,,0,,2012-10-26 06:55:26.518254,2012-10-26 06:55:26.518254,f,"",item_photo_,image/jpeg,127347,2012-10-26 06:55:25.255276,0
423,118,,,0,,2012-10-26 06:55:29.914144,2012-10-26 06:55:29.914144,f,"",item_photo_,image/jpeg,3320184,2012-10-26 06:55:27.206772,0
418,117,,,4,,2012-10-26 06:49:52.479765,2012-10-26 15:07:11.712311,f,"",item_photo_,image/jpeg,3297216,2012-10-26 06:49:49.646404,0
438,123,,,0,,2012-10-27 05:35:44.897963,2012-10-27 05:35:44.897963,f,"$49,orignal $75",item_photo_,image/jpeg,29824,2012-10-27 05:35:44.328707,0
425,119,,,0,,2012-10-26 16:34:28.134815,2012-10-26 16:34:28.134815,f,"",item_photo_,image/jpeg,208629,2012-10-26 16:34:26.621164,0
426,119,,,0,,2012-10-26 16:34:30.131166,2012-10-26 16:34:30.131166,f,"",item_photo_,image/jpeg,299181,2012-10-26 16:34:28.894837,0
427,119,,,0,,2012-10-26 16:34:38.493371,2012-10-26 16:34:38.493371,f,"",item_photo_,image/jpeg,461223,2012-10-26 16:34:37.205766,0
428,120,,,1,,2012-10-26 17:13:17.283224,2012-10-26 17:17:07.927196,f,Test,item_photo_,image/jpeg,2754601,2012-10-26 17:13:13.599119,0
442,124,,,0,,2012-10-27 07:15:23.348113,2012-10-27 07:15:23.348113,f,"",item_photo_,image/jpeg,2879234,2012-10-27 07:15:15.66293,0
412,116,,,3,,2012-10-26 04:53:53.245962,2012-10-26 17:28:53.212857,f,Black,item_photo_,image/jpeg,351684,2012-10-26 04:53:51.543793,0
417,117,,,2,,2012-10-26 06:49:48.831833,2012-10-26 19:32:25.516683,f,"",item_photo_,image/jpeg,3221299,2012-10-26 06:49:45.947778,0
430,121,,,0,,2012-10-26 20:24:58.952513,2012-10-26 20:24:58.952513,f,"",item_photo_,image/jpeg,139837,2012-10-26 20:24:58.078272,0
431,121,,,0,,2012-10-26 20:25:00.34298,2012-10-26 20:25:00.34298,f,"",item_photo_,image/jpeg,139383,2012-10-26 20:24:59.467357,0
432,121,,,0,,2012-10-26 20:25:01.847297,2012-10-26 20:25:01.847297,f,"",item_photo_,image/jpeg,144445,2012-10-26 20:25:00.879026,0
433,121,,,0,,2012-10-26 20:25:03.141466,2012-10-26 20:25:03.141466,f,"",item_photo_,image/jpeg,152715,2012-10-26 20:25:02.268823,0
434,121,,,0,,2012-10-26 20:25:04.394843,2012-10-26 20:25:04.394843,f,"",item_photo_,image/jpeg,173217,2012-10-26 20:25:03.547937,0
395,112,,,4,,2012-10-26 03:36:22.553722,2012-10-30 04:46:49.885781,f,Scarlett johansson,item_photo_,image/jpeg,165441,2012-10-26 03:36:21.700093,0
439,123,,,1,,2012-10-27 05:35:45.785923,2012-10-29 05:21:40.425728,f,"$49, original 75",item_photo_,image/jpeg,27406,2012-10-27 05:35:45.194296,0
445,125,,,0,,2012-10-27 15:06:59.933996,2012-10-27 15:06:59.933996,f,What,item_photo_,image/jpeg,699461,2012-10-27 15:06:58.934823,0
446,126,,,0,,2012-10-27 21:09:16.475004,2012-10-27 21:09:16.475004,f,"",item_photo_,image/jpeg,488614,2012-10-27 21:09:15.418388,0
396,112,,,7,,2012-10-26 03:36:23.955756,2012-11-01 05:08:54.924401,f,Jessica alba,item_photo_,image/jpeg,199004,2012-10-26 03:36:23.049339,0
443,124,,,2,,2012-10-27 07:15:29.884047,2012-10-27 15:53:27.583101,f,"",item_photo_,image/jpeg,3125474,2012-10-27 07:15:24.313413,0
447,126,,,0,,2012-10-27 21:09:18.510072,2012-10-27 21:09:18.510072,f,"",item_photo_,image/jpeg,555637,2012-10-27 21:09:17.569353,0
449,127,,,0,,2012-10-27 23:19:12.44937,2012-10-27 23:19:12.44937,f,"",item_photo_,image/jpeg,4247487,2012-10-27 23:19:09.637301,0
451,127,,,0,,2012-10-27 23:19:21.885977,2012-10-27 23:19:21.885977,f,"",item_photo_,image/jpeg,7514456,2012-10-27 23:19:18.853829,0
450,127,,,1,,2012-10-27 23:19:16.407156,2012-10-27 23:20:45.30691,f,"",item_photo_,image/jpeg,4713574,2012-10-27 23:19:13.491087,0
413,116,,,3,,2012-10-26 04:53:54.732754,2012-10-30 21:10:47.002982,f,Red,item_photo_,image/jpeg,374966,2012-10-26 04:53:53.714528,0
394,111,,,2,,2012-10-26 03:14:41.505929,2012-10-28 01:08:06.195921,f,"",item_photo_,image/jpeg,2467248,2012-10-26 03:14:38.907276,0
437,123,,,5,,2012-10-27 05:35:43.936606,2012-10-30 09:12:17.83442,f,"$49, original $75",item_photo_,image/jpeg,28004,2012-10-27 05:35:43.351695,0
452,128,,,2,,2012-10-28 00:01:21.687584,2012-10-29 16:57:18.223161,f,"",item_photo_,image/jpeg,942497,2012-10-28 00:01:20.665017,0
455,129,,,0,,2012-10-28 00:37:02.155952,2012-10-28 00:37:02.155952,f,"",item_photo_,image/jpeg,3315992,2012-10-28 00:36:59.850568,0
456,129,,,0,,2012-10-28 00:37:15.263446,2012-10-28 00:37:15.263446,f,"",item_photo_,image/jpeg,3392768,2012-10-28 00:37:12.526004,0
458,130,,,0,,2012-10-28 00:39:57.772623,2012-10-28 00:39:57.772623,f,"",item_photo_,image/jpeg,694709,2012-10-28 00:39:56.775446,0
461,130,,,0,,2012-10-28 00:40:02.60199,2012-10-28 00:40:02.60199,f,"",item_photo_,image/jpeg,662331,2012-10-28 00:40:01.420071,0
505,142,,,0,,2012-10-29 20:24:49.710167,2012-10-29 20:24:49.710167,f,"",item_photo_,image/jpeg,2852611,2012-10-29 20:24:17.030539,0
500,140,,,5,,2012-10-29 06:07:43.232842,2012-10-30 17:07:22.168807,f,"",item_photo_,image/jpeg,3863297,2012-10-29 06:07:36.18004,0
463,131,,,0,,2012-10-28 01:23:06.193481,2012-10-28 01:23:06.193481,f,"",item_photo_,image/jpeg,158454,2012-10-28 01:23:04.770403,0
464,131,,,0,,2012-10-28 01:25:08.802459,2012-10-28 01:25:49.566364,t,"",item_photo_,image/jpeg,730685,2012-10-28 01:25:07.755442,0
469,132,,,2,,2012-10-28 10:53:55.132256,2012-10-29 05:18:36.883929,f,"",item_photo_,image/jpeg,3368792,2012-10-28 10:53:46.970908,0
462,130,,,2,,2012-10-28 00:40:04.401599,2012-10-28 01:32:40.113865,f,"",item_photo_,image/jpeg,712858,2012-10-28 00:40:03.21161,0
506,142,,,0,,2012-10-29 20:25:01.368134,2012-10-29 20:25:01.368134,f,"",item_photo_,image/jpeg,2945233,2012-10-29 20:24:52.407492,0
457,130,,,1,,2012-10-28 00:39:56.079257,2012-10-28 02:47:58.128121,f,"",item_photo_,image/jpeg,662387,2012-10-28 00:39:55.082207,0
484,137,,,3,,2012-10-29 01:39:44.244589,2012-10-31 08:03:05.850404,f,"",item_photo_,image/jpeg,2727077,2012-10-29 01:39:40.959118,0
466,132,,,1,,2012-10-28 10:53:32.714484,2012-10-28 11:23:36.433696,f,"",item_photo_,image/jpeg,3198765,2012-10-28 10:53:30.15693,0
460,130,,,1,,2012-10-28 00:40:00.935617,2012-10-28 12:21:30.09362,f,"",item_photo_,image/jpeg,633811,2012-10-28 00:39:59.888721,0
472,133,,,0,,2012-10-28 12:56:15.849156,2012-10-28 13:06:44.29889,t,"",item_photo_,image/jpeg,413635,2012-10-28 12:56:15.178392,0
471,133,,,0,,2012-10-28 12:56:14.793925,2012-10-28 13:06:48.446474,t,"",item_photo_,image/jpeg,364723,2012-10-28 12:56:13.956485,0
470,133,,,0,,2012-10-28 12:56:13.444953,2012-10-28 13:06:52.857087,t,"",item_photo_,image/jpeg,68808,2012-10-28 12:56:12.894241,0
473,134,,,0,,2012-10-28 13:14:42.407439,2012-10-28 13:15:04.22216,t,"",item_photo_,image/jpeg,298822,2012-10-28 13:14:41.75137,0
485,137,,,0,,2012-10-29 01:39:48.722087,2012-10-29 01:39:48.722087,f,"",item_photo_,image/jpeg,3728245,2012-10-29 01:39:45.392292,0
475,134,,,0,,2012-10-28 13:25:51.210938,2012-10-28 13:26:36.344388,f,spiderman-2,item_photo_,image/jpeg,220891,2012-10-28 13:25:50.61689,0
488,138,,,4,,2012-10-29 02:39:41.240475,2012-10-30 17:55:18.600213,f,$60,item_photo_,image/jpeg,54658,2012-10-29 02:39:40.516073,0
507,142,,,0,,2012-10-29 20:25:06.698464,2012-10-29 20:25:06.698464,f,"",item_photo_,image/jpeg,3185795,2012-10-29 20:25:03.389578,0
467,132,,,2,,2012-10-28 10:53:36.781941,2012-10-28 17:12:29.853748,f,"",item_photo_,image/jpeg,3371561,2012-10-28 10:53:33.546884,0
487,138,,,3,,2012-10-29 02:39:40.048903,2012-10-29 09:39:10.799169,f,$60,item_photo_,image/jpeg,100936,2012-10-29 02:39:39.21244,0
495,139,,,0,,2012-10-29 05:58:36.419066,2012-10-29 05:58:36.419066,f,"",item_photo_,image/jpeg,3833626,2012-10-29 05:58:32.526382,0
508,143,,,0,,2012-10-29 21:57:31.601242,2012-10-29 21:57:31.601242,f,"",item_photo_,image/jpeg,534604,2012-10-29 21:57:30.739288,0
489,138,,,3,,2012-10-29 02:39:42.535214,2012-11-01 05:33:23.937381,f,$88,item_photo_,image/jpeg,54578,2012-10-29 02:39:41.723494,0
509,143,,,0,,2012-10-29 21:57:34.18239,2012-10-29 21:57:34.18239,f,"",item_photo_,image/jpeg,562198,2012-10-29 21:57:33.166621,0
491,138,,,5,,2012-10-29 02:39:45.111671,2012-10-31 18:13:01.901477,f,$120,item_photo_,image/jpeg,31318,2012-10-29 02:39:44.305346,0
364,104,,,5,,2012-10-25 06:48:24.428041,2012-10-28 23:07:04.696712,f,Cangrejo island,item_photo_,image/jpeg,205696,2012-10-25 06:48:23.354505,0
486,137,,,1,,2012-10-29 01:39:53.09336,2012-10-29 02:07:54.028528,f,"",item_photo_,image/jpeg,4394468,2012-10-29 01:39:49.608875,0
504,141,,,9,,2012-10-29 06:39:52.206204,2012-11-01 05:05:55.935043,f,Trina turk wrap coat,item_photo_,image/jpeg,90923,2012-10-29 06:39:51.090255,0
517,144,,,1,,2012-10-29 22:04:07.071996,2012-10-30 00:12:06.304135,f,"",item_photo_,image/jpeg,507453,2012-10-29 22:04:06.152068,0
503,141,,,3,,2012-10-29 06:39:50.807809,2012-10-30 20:38:52.093418,f,Valentino belted lace and tweed,item_photo_,image/jpeg,52520,2012-10-29 06:39:49.936401,0
502,141,,,2,,2012-10-29 06:39:49.551905,2012-11-01 07:29:11.379359,f,Nicole miller lace sheath dress,item_photo_,image/jpeg,70488,2012-10-29 06:39:48.470734,0
478,135,,,4,,2012-10-28 19:53:41.218249,2012-10-31 08:03:23.862906,f,"",item_photo_,image/jpeg,611761,2012-10-28 19:53:39.579394,0
465,131,,,5,,2012-10-28 01:26:30.273171,2012-11-01 05:13:52.269493,f,"",item_photo_,image/jpeg,741319,2012-10-28 01:26:28.423647,0
448,127,,,4,,2012-10-27 23:19:08.626675,2012-10-30 20:37:32.334814,f,"",item_photo_,image/jpeg,3715841,2012-10-27 23:19:05.72991,0
496,139,,,2,,2012-10-29 05:58:42.330299,2012-10-29 06:01:52.210095,f,"",item_photo_,image/jpeg,5238331,2012-10-29 05:58:38.698737,0
493,139,,,2,,2012-10-29 05:58:12.228817,2012-10-30 20:39:47.018314,f,"",item_photo_,image/jpeg,4340968,2012-10-29 05:58:08.637253,0
510,143,,,0,,2012-10-29 21:57:35.730345,2012-10-29 21:57:35.730345,f,"",item_photo_,image/jpeg,691903,2012-10-29 21:57:34.719923,0
479,136,,,2,,2012-10-29 01:36:45.242151,2012-10-29 05:13:58.624895,f,"",item_photo_,image/jpeg,3315294,2012-10-29 01:36:41.919737,0
474,134,,,5,,2012-10-28 13:25:49.923446,2012-10-30 21:22:41.740691,f,spiderman,item_photo_,image/jpeg,144408,2012-10-28 13:25:49.326612,0
476,134,,,5,,2012-10-28 13:25:52.404653,2012-10-29 05:17:19.946064,f,spiderman-3,item_photo_,image/jpeg,398870,2012-10-28 13:25:51.670543,0
498,140,,,0,,2012-10-29 06:07:23.746714,2012-10-29 06:07:23.746714,f,"",item_photo_,image/jpeg,3244545,2012-10-29 06:07:19.305227,0
499,140,,,1,,2012-10-29 06:07:35.182475,2012-10-29 06:09:03.630659,f,"",item_photo_,image/jpeg,3465286,2012-10-29 06:07:24.443825,0
481,136,,,1,,2012-10-29 01:36:54.653997,2012-10-29 15:56:35.786191,f,"",item_photo_,image/jpeg,3303676,2012-10-29 01:36:51.476346,0
483,137,,,10,,2012-10-29 01:39:23.176786,2012-11-01 05:06:40.603383,f,"",item_photo_,image/jpeg,3372982,2012-10-29 01:39:19.932357,0
490,138,,,2,,2012-10-29 02:39:43.899646,2012-10-30 20:38:29.791716,f,$80,item_photo_,image/jpeg,53064,2012-10-29 02:39:43.05816,0
468,132,,,2,,2012-10-28 10:53:44.160934,2012-11-01 20:16:22.801419,f,"",item_photo_,image/jpeg,3978173,2012-10-28 10:53:39.353899,0
482,136,,,3,,2012-10-29 01:36:58.767782,2012-10-29 16:56:27.230982,f,"",item_photo_,image/jpeg,3540103,2012-10-29 01:36:55.440984,0
512,143,,,0,,2012-10-29 21:57:39.480827,2012-10-29 21:57:39.480827,f,"",item_photo_,image/jpeg,595795,2012-10-29 21:57:38.024972,0
501,141,,,1,,2012-10-29 06:39:48.064001,2012-10-30 04:13:36.233163,f,Maggie london sheath dresa,item_photo_,image/jpeg,54768,2012-10-29 06:39:46.670764,0
477,135,,,4,,2012-10-28 19:53:36.770199,2012-10-29 16:56:40.111732,f,"",item_photo_,image/jpeg,739896,2012-10-28 19:53:35.661014,0
459,130,,,6,,2012-10-28 00:39:59.373549,2012-10-30 20:42:54.810344,f,"",item_photo_,image/jpeg,660458,2012-10-28 00:39:58.309385,0
515,143,,,2,,2012-10-29 21:57:47.221246,2012-10-30 21:05:23.426708,f,"",item_photo_,image/jpeg,645242,2012-10-29 21:57:45.932221,0
513,143,,,0,,2012-10-29 21:57:42.583298,2012-10-29 21:57:42.583298,f,"",item_photo_,image/jpeg,343412,2012-10-29 21:57:40.198024,0
514,143,,,0,,2012-10-29 21:57:45.346689,2012-10-29 21:57:45.346689,f,"",item_photo_,image/jpeg,590589,2012-10-29 21:57:43.624978,0
516,143,,,2,,2012-10-29 21:57:48.977287,2012-10-29 22:03:23.079949,f,"",item_photo_,image/jpeg,581106,2012-10-29 21:57:47.764637,0
518,144,,,0,,2012-10-29 22:04:09.590179,2012-10-29 22:04:09.590179,f,"",item_photo_,image/jpeg,430726,2012-10-29 22:04:08.738859,0
492,138,,,2,,2012-10-29 02:39:46.438837,2012-10-31 08:51:14.755601,f,$220,item_photo_,image/jpeg,147040,2012-10-29 02:39:45.524436,0
480,136,,,2,,2012-10-29 01:36:50.739465,2012-10-31 08:02:52.34819,f,"",item_photo_,image/jpeg,3727795,2012-10-29 01:36:47.661126,0
511,143,,,1,,2012-10-29 21:57:37.443732,2012-10-30 04:17:07.853835,f,"",item_photo_,image/jpeg,530047,2012-10-29 21:57:36.408107,0
454,128,,,4,,2012-10-28 00:01:25.834977,2012-10-30 21:26:57.716899,f,"",item_photo_,image/jpeg,727468,2012-10-28 00:01:24.792779,0
497,140,,,4,,2012-10-29 06:07:14.32045,2012-10-30 20:41:35.571039,f,"",item_photo_,image/jpeg,3525595,2012-10-29 06:07:10.758776,0
519,144,,,0,,2012-10-29 22:04:11.009329,2012-10-29 22:04:11.009329,f,"",item_photo_,image/jpeg,399357,2012-10-29 22:04:10.13076,0
521,144,,,0,,2012-10-29 22:04:13.991483,2012-10-29 22:04:13.991483,f,"",item_photo_,image/jpeg,552861,2012-10-29 22:04:12.982767,0
523,144,,,0,,2012-10-29 22:04:17.149118,2012-10-29 22:04:17.149118,f,"",item_photo_,image/jpeg,409328,2012-10-29 22:04:16.243766,0
524,144,,,0,,2012-10-29 22:04:19.078639,2012-10-29 22:04:19.078639,f,"",item_photo_,image/jpeg,479445,2012-10-29 22:04:18.076451,0
557,157,,,3,,2012-11-01 06:00:51.883378,2012-11-01 07:01:35.349508,f,"",item_photo_,image/jpeg,327435,2012-11-01 06:00:51.100734,0
555,157,,,1,,2012-11-01 06:00:43.442928,2012-11-01 20:13:54.70111,f,"",item_photo_,image/jpeg,32726,2012-11-01 06:00:42.807841,0
560,158,,,0,,2012-11-01 09:09:48.74961,2012-11-01 09:09:48.74961,f,Sugar,item_photo_,image/jpeg,512036,2012-11-01 09:09:47.768468,0
537,150,,,2,,2012-10-31 02:43:01.112568,2012-10-31 08:02:17.048058,f,Pan fried,item_photo_,image/jpeg,2793042,2012-10-31 02:42:57.805184,0
527,146,,,0,,2012-10-30 00:20:52.318551,2012-10-30 00:20:52.318551,f,Love this picture,item_photo_,image/jpeg,213057,2012-10-30 00:20:51.136951,0
535,149,,,3,,2012-10-31 00:09:23.097223,2012-10-31 08:04:31.504087,f,"",item_photo_,image/jpeg,299047,2012-10-31 00:09:22.216271,0
520,144,,,1,,2012-10-29 22:04:12.482985,2012-10-30 04:16:08.130275,f,"",item_photo_,image/jpeg,421151,2012-10-29 22:04:11.603491,0
530,147,,,2,,2012-10-30 20:55:46.211851,2012-10-31 08:04:48.199184,f,"",item_photo_,image/jpeg,173192,2012-10-30 20:55:45.292343,0
534,149,,,2,,2012-10-31 00:09:20.762803,2012-11-01 20:16:33.974946,f,"",item_photo_,image/jpeg,143401,2012-10-31 00:09:19.991978,0
532,148,,,4,,2012-10-30 22:42:49.783821,2012-10-31 08:31:11.124132,f,Lionel Messi,item_photo_,image/jpeg,330531,2012-10-30 22:42:48.866603,0
562,158,,,0,,2012-11-01 09:09:51.813547,2012-11-01 09:09:51.813547,f,Snow white carrying someone,item_photo_,image/jpeg,613952,2012-11-01 09:09:50.893206,0
522,144,,,4,,2012-10-29 22:04:15.758989,2012-10-30 20:43:32.212864,f,"",item_photo_,image/jpeg,446390,2012-10-29 22:04:14.69952,0
529,147,,,0,,2012-10-30 20:55:44.84123,2012-10-30 20:55:44.84123,f,"",item_photo_,image/jpeg,245751,2012-10-30 20:55:43.899107,0
542,152,,,3,,2012-10-31 04:07:01.043519,2012-10-31 08:31:31.899248,f,$58,item_photo_,image/jpeg,54170,2012-10-31 04:07:00.314644,0
543,152,,,1,,2012-10-31 04:07:02.379177,2012-10-31 15:29:45.447395,f,$58,item_photo_,image/jpeg,57272,2012-10-31 04:07:01.660029,0
563,158,,,0,,2012-11-01 09:09:53.257032,2012-11-01 09:09:53.257032,f,Cowboy,item_photo_,image/jpeg,596600,2012-11-01 09:09:52.290705,0
533,148,,,0,,2012-10-30 22:42:51.245447,2012-10-30 22:42:51.245447,f,Radamel Falcao,item_photo_,image/jpeg,265479,2012-10-30 22:42:50.355804,0
568,159,,,1,,2012-11-01 09:13:28.963641,2012-11-01 11:32:09.220228,f,Jurrasic park,item_photo_,image/jpeg,650153,2012-11-01 09:13:27.736576,0
536,150,,,2,,2012-10-31 02:42:56.862552,2012-10-31 15:30:26.765592,f,Soup dumpling,item_photo_,image/jpeg,3308974,2012-10-31 02:42:53.353087,0
525,145,,,2,,2012-10-29 22:54:57.211417,2012-10-30 22:44:42.459591,f,"",item_photo_,image/jpeg,494923,2012-10-29 22:54:56.302523,0
545,152,,,3,,2012-10-31 04:07:05.349082,2012-10-31 19:04:16.685913,f,$58,item_photo_,image/jpeg,51099,2012-10-31 04:07:04.619628,0
546,153,,,0,,2012-11-01 01:40:28.932733,2012-11-01 01:40:28.932733,f,Which starbucks photo looks best,item_photo_,image/jpeg,3449020,2012-11-01 01:40:24.979106,0
547,153,,,0,,2012-11-01 01:40:34.716752,2012-11-01 01:40:34.716752,f,"",item_photo_,image/jpeg,3085147,2012-11-01 01:40:31.339744,0
564,158,,,0,,2012-11-01 09:09:54.934852,2012-11-01 09:09:54.934852,f,Snow white,item_photo_,image/jpeg,657020,2012-11-01 09:09:53.889951,0
531,148,,,3,,2012-10-30 22:42:48.316744,2012-10-31 02:29:06.580609,f,Cristiano Ronaldo,item_photo_,image/jpeg,225576,2012-10-30 22:42:47.338114,0
538,150,,,1,,2012-10-31 02:43:05.700142,2012-10-31 02:46:12.615668,f,Shrimp,item_photo_,image/jpeg,2754997,2012-10-31 02:43:02.200215,0
565,159,,,0,,2012-11-01 09:13:21.288815,2012-11-01 09:13:21.288815,f,Mitt Romney,item_photo_,image/jpeg,633805,2012-11-01 09:13:20.326062,0
544,152,,,0,,2012-10-31 04:07:03.542793,2012-10-31 04:07:03.542793,f,$58,item_photo_,image/jpeg,64163,2012-10-31 04:07:02.850637,0
548,153,,,0,,2012-11-01 01:40:39.6937,2012-11-01 01:40:39.6937,f,"",item_photo_,image/jpeg,3698369,2012-11-01 01:40:35.475567,0
528,147,,,5,,2012-10-30 20:55:43.232403,2012-10-31 04:18:13.074629,f,"",item_photo_,image/jpeg,216295,2012-10-30 20:55:42.35041,0
566,159,,,0,,2012-11-01 09:13:25.806965,2012-11-01 09:13:25.806965,f,Catty women,item_photo_,image/jpeg,609518,2012-11-01 09:13:24.88672,0
540,151,,,1,,2012-10-31 03:31:32.123251,2012-10-31 05:18:18.932697,f,"",item_photo_,image/jpeg,646428,2012-10-31 03:31:30.785099,0
567,159,,,0,,2012-11-01 09:13:27.262748,2012-11-01 09:13:27.262748,f,Dorks,item_photo_,image/jpeg,665852,2012-11-01 09:13:26.290135,0
569,159,,,0,,2012-11-01 09:13:30.509906,2012-11-01 09:13:30.509906,f,"Dork, sailor, elm st, and obama",item_photo_,image/jpeg,684393,2012-11-01 09:13:29.53695,0
561,158,,,1,,2012-11-01 09:09:50.282438,2012-11-01 18:39:45.317763,f,Steve Jobs,item_photo_,image/jpeg,610836,2012-11-01 09:09:49.324885,0
549,154,,,0,,2012-11-01 02:09:18.512413,2012-11-01 02:09:18.512413,f,"",item_photo_,image/jpeg,99277,2012-11-01 02:09:17.655934,0
550,154,,,0,,2012-11-01 02:09:19.851199,2012-11-01 02:09:19.851199,f,"",item_photo_,image/jpeg,273278,2012-11-01 02:09:18.95515,0
551,154,,,0,,2012-11-01 02:09:21.374008,2012-11-01 02:09:21.374008,f,"",item_photo_,image/jpeg,204485,2012-11-01 02:09:20.366683,0
552,154,,,0,,2012-11-01 02:09:22.903165,2012-11-01 02:09:22.903165,f,"",item_photo_,image/jpeg,286411,2012-11-01 02:09:21.872787,0
553,155,,,0,,2012-11-01 02:18:05.025282,2012-11-01 02:18:05.025282,f,Zombie,item_photo_,image/jpeg,240400,2012-11-01 02:18:04.058428,0
554,155,,,0,,2012-11-01 02:18:06.449784,2012-11-01 02:18:06.449784,f,Creepy doctor,item_photo_,image/jpeg,220301,2012-11-01 02:18:05.481994,0
494,139,,,8,,2012-10-29 05:58:29.129016,2012-11-01 05:10:42.298563,f,"",item_photo_,image/jpeg,3612322,2012-10-29 05:58:25.447079,0
556,157,,,0,,2012-11-01 06:00:44.657749,2012-11-01 06:00:44.657749,f,"",item_photo_,image/jpeg,84966,2012-11-01 06:00:43.875285,0
559,157,,,0,,2012-11-01 06:00:54.566506,2012-11-01 06:00:54.566506,f,"",item_photo_,image/jpeg,234710,2012-11-01 06:00:53.716774,0
558,157,,,1,,2012-11-01 06:00:53.046432,2012-11-01 06:02:19.982444,f,"",item_photo_,image/jpeg,164259,2012-11-01 06:00:52.361894,0
571,159,,,0,,2012-11-01 09:13:33.277701,2012-11-01 09:13:33.277701,f,"",item_photo_,image/jpeg,492928,2012-11-01 09:13:32.430421,0
541,152,,,4,,2012-10-31 04:06:59.874687,2012-11-01 18:20:45.97379,f,$58,item_photo_,image/jpeg,38224,2012-10-31 04:06:59.153254,0
573,160,,,0,,2012-11-01 09:22:53.134348,2012-11-01 09:22:53.134348,f,Tim Tebow,item_photo_,image/jpeg,683716,2012-11-01 09:22:52.159667,0
575,160,,,0,,2012-11-01 09:22:56.297292,2012-11-01 09:22:56.297292,f,Jurrasic park,item_photo_,image/jpeg,730218,2012-11-01 09:22:55.074202,0
570,159,,,1,,2012-11-01 09:13:32.054694,2012-11-01 12:35:28.533709,f,Raisins,item_photo_,image/jpeg,698389,2012-11-01 09:13:31.069327,0
578,161,,,0,,2012-11-01 16:09:52.647699,2012-11-01 16:09:52.647699,f,"",item_photo_,image/jpeg,67492,2012-11-01 16:09:51.817943,0
580,161,,,3,,2012-11-01 16:09:56.795888,2012-11-01 19:54:33.467538,f,"",item_photo_,image/jpeg,813614,2012-11-01 16:09:54.757553,0
579,161,,,1,,2012-11-01 16:09:54.185927,2012-11-01 18:19:17.314303,f,"",item_photo_,image/jpeg,141291,2012-11-01 16:09:53.083989,0
577,161,,,2,,2012-11-01 16:09:51.003178,2012-11-01 17:34:35.544659,f,"",item_photo_,image/jpeg,156575,2012-11-01 16:09:49.674405,0
574,160,,,2,,2012-11-01 09:22:54.629201,2012-11-01 18:20:00.445787,f,Grandma,item_photo_,image/jpeg,715951,2012-11-01 09:22:53.66059,0
572,160,,,1,,2012-11-01 09:22:51.69618,2012-11-01 18:40:47.199722,f,Mitt romney and obama,item_photo_,image/jpeg,556126,2012-11-01 09:22:50.749455,0
576,161,,,1,,2012-11-01 16:09:48.730108,2012-11-01 18:46:56.200747,f,"",item_photo_,image/jpeg,103556,2012-11-01 16:09:47.429877,0
539,151,,,4,,2012-10-31 03:31:30.288392,2012-11-01 19:56:39.25882,f,"",item_photo_,image/jpeg,643754,2012-10-31 03:31:28.745223,0
526,145,,,5,,2012-10-29 22:55:07.840507,2012-11-01 20:15:49.73153,f,"",item_photo_,image/jpeg,495665,2012-10-29 22:55:06.855056,0
