id,follower_id,followed_id,created_at,updated_at
4,7,6,2012-10-01 16:24:02.780737,2012-10-01 16:24:02.780737
5,7,1,2012-10-01 16:24:07.413279,2012-10-01 16:24:07.413279
6,7,2,2012-10-01 16:53:05.081123,2012-10-01 16:53:05.081123
7,7,3,2012-10-01 16:53:05.796909,2012-10-01 16:53:05.796909
8,7,5,2012-10-01 16:53:17.040713,2012-10-01 16:53:17.040713
9,7,4,2012-10-01 16:53:17.662212,2012-10-01 16:53:17.662212
10,8,5,2012-10-01 22:54:32.492253,2012-10-01 22:54:32.492253
11,5,8,2012-10-02 00:53:14.668208,2012-10-02 00:53:14.668208
12,5,7,2012-10-02 00:57:48.797023,2012-10-02 00:57:48.797023
13,6,7,2012-10-02 00:58:15.939128,2012-10-02 00:58:15.939128
15,6,5,2012-10-02 00:59:05.288472,2012-10-02 00:59:05.288472
16,5,6,2012-10-02 00:59:12.180823,2012-10-02 00:59:12.180823
17,6,8,2012-10-02 03:17:27.174348,2012-10-02 03:17:27.174348
18,6,2,2012-10-02 06:04:49.367706,2012-10-02 06:04:49.367706
19,5,2,2012-10-02 06:04:49.399493,2012-10-02 06:04:49.399493
20,6,3,2012-10-02 06:04:50.348021,2012-10-02 06:04:50.348021
21,5,3,2012-10-02 06:04:50.862102,2012-10-02 06:04:50.862102
23,9,5,2012-10-02 07:52:02.737285,2012-10-02 07:52:02.737285
25,9,6,2012-10-02 07:52:18.171215,2012-10-02 07:52:18.171215
26,9,8,2012-10-02 07:52:18.891705,2012-10-02 07:52:18.891705
27,5,9,2012-10-02 07:54:20.167433,2012-10-02 07:54:20.167433
28,8,6,2012-10-02 16:29:42.490742,2012-10-02 16:29:42.490742
29,8,9,2012-10-02 16:32:14.692647,2012-10-02 16:32:14.692647
30,10,5,2012-10-03 04:29:36.16296,2012-10-03 04:29:36.16296
31,11,5,2012-10-03 21:46:43.630377,2012-10-03 21:46:43.630377
32,11,6,2012-10-03 21:47:07.582928,2012-10-03 21:47:07.582928
33,11,10,2012-10-03 21:47:08.82166,2012-10-03 21:47:08.82166
34,10,6,2012-10-04 23:55:41.388151,2012-10-04 23:55:41.388151
35,13,7,2012-10-05 18:11:55.943695,2012-10-05 18:11:55.943695
36,13,12,2012-10-05 18:13:29.808193,2012-10-05 18:13:29.808193
37,5,12,2012-10-05 20:00:47.64692,2012-10-05 20:00:47.64692
38,5,13,2012-10-05 20:00:51.202864,2012-10-05 20:00:51.202864
39,5,10,2012-10-05 20:03:36.805805,2012-10-05 20:03:36.805805
43,14,7,2012-10-06 01:15:27.494382,2012-10-06 01:15:27.494382
44,12,5,2012-10-06 10:14:01.454839,2012-10-06 10:14:01.454839
45,12,7,2012-10-06 10:14:18.024011,2012-10-06 10:14:18.024011
46,17,5,2012-10-06 10:51:50.390448,2012-10-06 10:51:50.390448
47,17,7,2012-10-06 10:52:15.298085,2012-10-06 10:52:15.298085
48,1,5,2012-10-10 07:33:49.583249,2012-10-10 07:33:49.583249
49,1,8,2012-10-10 07:34:03.323217,2012-10-10 07:34:03.323217
50,1,7,2012-10-10 07:34:09.266472,2012-10-10 07:34:09.266472
51,6,12,2012-10-10 07:36:11.506715,2012-10-10 07:36:11.506715
52,6,13,2012-10-10 07:36:12.799489,2012-10-10 07:36:12.799489
53,6,10,2012-10-10 07:36:15.864107,2012-10-10 07:36:15.864107
54,6,9,2012-10-10 07:36:17.68479,2012-10-10 07:36:17.68479
55,7,13,2012-10-15 07:18:36.487563,2012-10-15 07:18:36.487563
56,7,18,2012-10-15 07:18:37.60955,2012-10-15 07:18:37.60955
57,5,20,2012-10-17 04:56:14.258359,2012-10-17 04:56:14.258359
58,20,5,2012-10-17 04:56:42.246241,2012-10-17 04:56:42.246241
59,22,24,2012-10-17 05:49:53.330561,2012-10-17 05:49:53.330561
60,22,5,2012-10-17 05:50:28.891336,2012-10-17 05:50:28.891336
61,22,6,2012-10-17 05:50:37.864061,2012-10-17 05:50:37.864061
62,8,1,2012-10-17 05:51:24.535266,2012-10-17 05:51:24.535266
63,22,26,2012-10-17 05:52:09.561606,2012-10-17 05:52:09.561606
64,5,22,2012-10-17 05:56:44.428489,2012-10-17 05:56:44.428489
65,20,22,2012-10-17 05:59:48.211605,2012-10-17 05:59:48.211605
66,5,24,2012-10-17 06:05:58.52814,2012-10-17 06:05:58.52814
67,26,5,2012-10-17 06:16:44.313987,2012-10-17 06:16:44.313987
68,26,22,2012-10-17 06:17:44.305265,2012-10-17 06:17:44.305265
69,26,9,2012-10-17 06:20:44.619056,2012-10-17 06:20:44.619056
70,6,22,2012-10-17 17:16:50.729995,2012-10-17 17:16:50.729995
71,41,5,2012-10-17 21:09:09.685553,2012-10-17 21:09:09.685553
72,42,9,2012-10-17 21:48:02.33712,2012-10-17 21:48:02.33712
73,42,18,2012-10-17 21:48:03.389747,2012-10-17 21:48:03.389747
74,42,26,2012-10-17 21:48:03.788555,2012-10-17 21:48:03.788555
75,5,46,2012-10-17 23:38:23.669872,2012-10-17 23:38:23.669872
76,5,42,2012-10-17 23:38:57.265114,2012-10-17 23:38:57.265114
77,5,58,2012-10-18 03:42:55.679884,2012-10-18 03:42:55.679884
78,58,5,2012-10-18 03:43:09.083707,2012-10-18 03:43:09.083707
79,68,6,2012-10-18 13:52:42.054899,2012-10-18 13:52:42.054899
80,50,10,2012-10-18 15:01:48.835152,2012-10-18 15:01:48.835152
82,50,5,2012-10-18 15:02:03.321332,2012-10-18 15:02:03.321332
83,50,6,2012-10-18 15:02:55.453379,2012-10-18 15:02:55.453379
84,50,7,2012-10-18 15:04:01.124652,2012-10-18 15:04:01.124652
85,5,73,2012-10-18 17:54:41.708334,2012-10-18 17:54:41.708334
86,5,50,2012-10-18 17:55:44.719945,2012-10-18 17:55:44.719945
87,5,18,2012-10-18 18:18:13.945793,2012-10-18 18:18:13.945793
88,5,30,2012-10-18 22:21:50.939058,2012-10-18 22:21:50.939058
89,5,40,2012-10-18 22:22:05.869647,2012-10-18 22:22:05.869647
90,5,38,2012-10-18 22:22:33.218543,2012-10-18 22:22:33.218543
91,5,76,2012-10-18 22:23:05.057666,2012-10-18 22:23:05.057666
92,5,78,2012-10-19 03:26:50.830106,2012-10-19 03:26:50.830106
94,79,19,2012-10-19 03:26:56.922678,2012-10-19 03:26:56.922678
95,5,79,2012-10-19 03:28:18.488712,2012-10-19 03:28:18.488712
97,19,79,2012-10-19 03:28:54.455665,2012-10-19 03:28:54.455665
99,79,43,2012-10-19 03:34:33.088257,2012-10-19 03:34:33.088257
100,79,2,2012-10-19 03:34:34.677883,2012-10-19 03:34:34.677883
102,9,79,2012-10-19 03:35:32.180624,2012-10-19 03:35:32.180624
103,79,5,2012-10-19 03:35:40.971852,2012-10-19 03:35:40.971852
105,79,50,2012-10-19 03:35:44.702832,2012-10-19 03:35:44.702832
106,79,22,2012-10-19 03:36:36.882618,2012-10-19 03:36:36.882618
107,6,26,2012-10-19 03:42:52.040473,2012-10-19 03:42:52.040473
108,6,24,2012-10-19 03:42:52.84062,2012-10-19 03:42:52.84062
109,6,20,2012-10-19 03:42:58.765216,2012-10-19 03:42:58.765216
110,6,79,2012-10-19 03:42:59.107684,2012-10-19 03:42:59.107684
111,79,8,2012-10-19 03:45:22.191125,2012-10-19 03:45:22.191125
112,79,11,2012-10-19 03:45:58.397362,2012-10-19 03:45:58.397362
113,79,9,2012-10-19 03:45:58.534215,2012-10-19 03:45:58.534215
114,79,26,2012-10-19 03:48:30.678963,2012-10-19 03:48:30.678963
116,79,20,2012-10-19 03:57:21.347685,2012-10-19 03:57:21.347685
117,79,13,2012-10-19 03:57:23.34323,2012-10-19 03:57:23.34323
118,5,81,2012-10-19 04:03:18.813976,2012-10-19 04:03:18.813976
120,5,19,2012-10-19 04:09:17.033303,2012-10-19 04:09:17.033303
121,79,16,2012-10-19 04:27:44.341539,2012-10-19 04:27:44.341539
122,79,4,2012-10-19 04:27:45.237908,2012-10-19 04:27:45.237908
123,79,17,2012-10-19 04:27:46.291427,2012-10-19 04:27:46.291427
124,79,12,2012-10-19 04:27:50.50891,2012-10-19 04:27:50.50891
125,79,14,2012-10-19 04:27:51.446784,2012-10-19 04:27:51.446784
126,79,15,2012-10-19 04:27:52.69459,2012-10-19 04:27:52.69459
127,79,18,2012-10-19 04:27:54.079111,2012-10-19 04:27:54.079111
128,79,7,2012-10-19 04:27:55.902432,2012-10-19 04:27:55.902432
129,79,23,2012-10-19 04:28:04.530585,2012-10-19 04:28:04.530585
130,79,28,2012-10-19 04:28:05.100248,2012-10-19 04:28:05.100248
131,79,29,2012-10-19 04:28:06.34537,2012-10-19 04:28:06.34537
132,79,40,2012-10-19 04:28:07.104601,2012-10-19 04:28:07.104601
133,79,30,2012-10-19 04:28:08.302271,2012-10-19 04:28:08.302271
134,79,31,2012-10-19 04:28:08.865085,2012-10-19 04:28:08.865085
135,79,32,2012-10-19 04:28:10.023174,2012-10-19 04:28:10.023174
136,79,41,2012-10-19 04:28:10.504715,2012-10-19 04:28:10.504715
137,79,34,2012-10-19 04:28:13.934452,2012-10-19 04:28:13.934452
138,79,35,2012-10-19 04:28:14.676935,2012-10-19 04:28:14.676935
139,79,42,2012-10-19 04:28:18.890067,2012-10-19 04:28:18.890067
140,79,37,2012-10-19 04:28:19.602159,2012-10-19 04:28:19.602159
141,79,39,2012-10-19 04:28:20.799722,2012-10-19 04:28:20.799722
142,79,46,2012-10-19 04:28:22.107753,2012-10-19 04:28:22.107753
143,79,47,2012-10-19 04:28:22.843237,2012-10-19 04:28:22.843237
144,79,44,2012-10-19 04:28:24.075871,2012-10-19 04:28:24.075871
145,79,48,2012-10-19 04:28:24.878901,2012-10-19 04:28:24.878901
146,79,49,2012-10-19 04:28:26.090629,2012-10-19 04:28:26.090629
147,79,51,2012-10-19 04:28:26.678575,2012-10-19 04:28:26.678575
148,79,53,2012-10-19 04:28:27.717106,2012-10-19 04:28:27.717106
149,79,54,2012-10-19 04:28:28.147776,2012-10-19 04:28:28.147776
150,79,57,2012-10-19 04:28:29.201658,2012-10-19 04:28:29.201658
151,79,56,2012-10-19 04:28:30.217375,2012-10-19 04:28:30.217375
152,79,59,2012-10-19 04:28:31.358295,2012-10-19 04:28:31.358295
153,79,60,2012-10-19 04:28:31.839116,2012-10-19 04:28:31.839116
154,79,70,2012-10-19 04:28:32.314943,2012-10-19 04:28:32.314943
155,79,61,2012-10-19 04:28:34.486391,2012-10-19 04:28:34.486391
156,79,62,2012-10-19 04:28:34.894463,2012-10-19 04:28:34.894463
157,79,63,2012-10-19 04:28:35.419579,2012-10-19 04:28:35.419579
158,79,64,2012-10-19 04:28:37.760413,2012-10-19 04:28:37.760413
160,79,66,2012-10-19 04:28:39.088646,2012-10-19 04:28:39.088646
161,79,78,2012-10-19 04:28:39.467262,2012-10-19 04:28:39.467262
162,79,74,2012-10-19 04:28:40.050215,2012-10-19 04:28:40.050215
164,79,75,2012-10-19 04:28:46.255911,2012-10-19 04:28:46.255911
166,79,76,2012-10-19 04:28:55.825222,2012-10-19 04:28:55.825222
167,79,73,2012-10-19 04:28:56.754042,2012-10-19 04:28:56.754042
169,79,82,2012-10-19 04:28:59.027495,2012-10-19 04:28:59.027495
170,79,84,2012-10-19 04:29:00.584895,2012-10-19 04:29:00.584895
171,79,21,2012-10-19 04:29:15.98597,2012-10-19 04:29:15.98597
172,79,52,2012-10-19 04:29:22.078409,2012-10-19 04:29:22.078409
173,79,58,2012-10-19 04:29:23.741803,2012-10-19 04:29:23.741803
174,79,80,2012-10-19 04:29:24.62885,2012-10-19 04:29:24.62885
175,79,71,2012-10-19 04:29:25.387939,2012-10-19 04:29:25.387939
176,79,38,2012-10-19 04:29:40.377004,2012-10-19 04:29:40.377004
177,79,77,2012-10-19 04:29:45.005363,2012-10-19 04:29:45.005363
178,79,3,2012-10-19 04:29:52.296128,2012-10-19 04:29:52.296128
179,79,55,2012-10-19 04:29:58.664238,2012-10-19 04:29:58.664238
180,79,10,2012-10-19 04:30:19.784656,2012-10-19 04:30:19.784656
181,79,25,2012-10-19 04:30:22.569798,2012-10-19 04:30:22.569798
182,79,33,2012-10-19 04:30:24.615854,2012-10-19 04:30:24.615854
183,79,36,2012-10-19 04:30:25.881674,2012-10-19 04:30:25.881674
184,79,72,2012-10-19 04:30:31.737104,2012-10-19 04:30:31.737104
185,79,65,2012-10-19 04:30:32.40975,2012-10-19 04:30:32.40975
186,79,68,2012-10-19 04:30:33.823899,2012-10-19 04:30:33.823899
187,79,83,2012-10-19 04:30:36.274621,2012-10-19 04:30:36.274621
188,9,26,2012-10-19 04:33:31.602021,2012-10-19 04:33:31.602021
189,79,6,2012-10-19 04:34:25.022751,2012-10-19 04:34:25.022751
190,79,1,2012-10-19 04:34:25.960872,2012-10-19 04:34:25.960872
191,79,24,2012-10-19 04:34:28.490291,2012-10-19 04:34:28.490291
192,79,27,2012-10-19 04:34:44.665575,2012-10-19 04:34:44.665575
193,79,45,2012-10-19 04:34:56.611448,2012-10-19 04:34:56.611448
194,79,67,2012-10-19 04:37:06.598568,2012-10-19 04:37:06.598568
195,79,81,2012-10-19 04:37:27.560116,2012-10-19 04:37:27.560116
197,5,87,2012-10-19 06:34:18.472003,2012-10-19 06:34:18.472003
200,36,9,2012-10-19 07:57:26.792606,2012-10-19 07:57:26.792606
201,9,36,2012-10-19 13:36:11.131946,2012-10-19 13:36:11.131946
202,9,42,2012-10-19 13:36:11.737438,2012-10-19 13:36:11.737438
203,50,79,2012-10-19 14:54:32.178126,2012-10-19 14:54:32.178126
204,61,79,2012-10-19 15:05:03.203366,2012-10-19 15:05:03.203366
205,56,79,2012-10-19 16:40:15.29547,2012-10-19 16:40:15.29547
206,8,78,2012-10-19 18:55:04.693569,2012-10-19 18:55:04.693569
207,8,79,2012-10-19 18:55:23.311065,2012-10-19 18:55:23.311065
208,46,79,2012-10-19 19:08:57.230081,2012-10-19 19:08:57.230081
209,46,19,2012-10-19 19:08:59.035056,2012-10-19 19:08:59.035056
210,46,50,2012-10-19 19:08:59.942338,2012-10-19 19:08:59.942338
211,46,6,2012-10-19 19:09:01.619766,2012-10-19 19:09:01.619766
212,46,6,2012-10-19 19:09:02.739997,2012-10-19 19:09:02.739997
213,46,9,2012-10-19 19:09:03.834786,2012-10-19 19:09:03.834786
214,46,5,2012-10-19 19:09:04.479083,2012-10-19 19:09:04.479083
215,46,50,2012-10-19 19:09:04.947108,2012-10-19 19:09:04.947108
216,50,46,2012-10-19 19:09:54.891588,2012-10-19 19:09:54.891588
217,5,97,2012-10-19 19:12:51.473444,2012-10-19 19:12:51.473444
218,5,101,2012-10-19 22:08:04.376596,2012-10-19 22:08:04.376596
220,101,5,2012-10-19 22:12:25.519178,2012-10-19 22:12:25.519178
221,5,14,2012-10-19 23:36:31.270665,2012-10-19 23:36:31.270665
222,5,48,2012-10-19 23:36:47.903884,2012-10-19 23:36:47.903884
223,5,44,2012-10-19 23:36:50.172381,2012-10-19 23:36:50.172381
224,5,82,2012-10-19 23:37:35.145114,2012-10-19 23:37:35.145114
226,101,84,2012-10-20 00:17:53.392677,2012-10-20 00:17:53.392677
230,97,5,2012-10-20 03:13:04.539086,2012-10-20 03:13:04.539086
231,9,46,2012-10-20 03:19:33.414333,2012-10-20 03:19:33.414333
232,9,1,2012-10-20 05:52:09.079386,2012-10-20 05:52:09.079386
233,107,5,2012-10-20 17:24:27.571322,2012-10-20 17:24:27.571322
235,117,5,2012-10-21 05:02:42.597569,2012-10-21 05:02:42.597569
236,117,6,2012-10-21 05:03:05.703489,2012-10-21 05:03:05.703489
237,117,8,2012-10-21 05:03:13.76271,2012-10-21 05:03:13.76271
238,117,9,2012-10-21 05:03:16.379594,2012-10-21 05:03:16.379594
239,118,5,2012-10-21 05:31:04.53056,2012-10-21 05:31:04.53056
241,119,5,2012-10-21 05:41:21.114655,2012-10-21 05:41:21.114655
242,5,119,2012-10-21 09:19:44.803272,2012-10-21 09:19:44.803272
243,5,117,2012-10-21 09:19:54.107945,2012-10-21 09:19:54.107945
244,5,118,2012-10-21 09:21:26.177226,2012-10-21 09:21:26.177226
245,5,112,2012-10-21 09:21:54.813257,2012-10-21 09:21:54.813257
246,5,17,2012-10-21 09:23:17.609647,2012-10-21 09:23:17.609647
247,5,115,2012-10-21 09:23:46.870831,2012-10-21 09:23:46.870831
248,5,113,2012-10-21 09:23:48.145035,2012-10-21 09:23:48.145035
249,5,120,2012-10-21 09:23:54.298792,2012-10-21 09:23:54.298792
250,121,5,2012-10-21 10:37:30.114329,2012-10-21 10:37:30.114329
251,121,6,2012-10-21 10:37:46.461723,2012-10-21 10:37:46.461723
252,121,8,2012-10-21 10:38:04.357397,2012-10-21 10:38:04.357397
253,5,121,2012-10-21 16:24:29.925445,2012-10-21 16:24:29.925445
254,115,5,2012-10-21 16:36:29.558062,2012-10-21 16:36:29.558062
255,5,124,2012-10-21 19:27:55.942663,2012-10-21 19:27:55.942663
256,124,5,2012-10-21 19:28:39.150206,2012-10-21 19:28:39.150206
257,124,6,2012-10-21 19:31:14.327334,2012-10-21 19:31:14.327334
258,113,9,2012-10-22 01:15:59.013808,2012-10-22 01:15:59.013808
259,113,5,2012-10-22 01:16:46.068019,2012-10-22 01:16:46.068019
263,9,113,2012-10-22 01:21:31.940903,2012-10-22 01:21:31.940903
264,112,5,2012-10-22 01:28:59.253591,2012-10-22 01:28:59.253591
265,129,79,2012-10-22 03:29:51.030769,2012-10-22 03:29:51.030769
269,129,5,2012-10-22 03:37:48.621456,2012-10-22 03:37:48.621456
270,129,6,2012-10-22 03:37:49.801385,2012-10-22 03:37:49.801385
271,129,50,2012-10-22 03:37:50.993194,2012-10-22 03:37:50.993194
272,9,129,2012-10-22 04:05:43.593049,2012-10-22 04:05:43.593049
275,129,9,2012-10-22 04:06:05.65693,2012-10-22 04:06:05.65693
276,129,8,2012-10-22 04:06:21.71757,2012-10-22 04:06:21.71757
277,129,1,2012-10-22 04:06:22.729152,2012-10-22 04:06:22.729152
278,129,26,2012-10-22 04:06:23.305192,2012-10-22 04:06:23.305192
279,129,36,2012-10-22 04:06:24.214103,2012-10-22 04:06:24.214103
281,129,42,2012-10-22 04:06:31.977401,2012-10-22 04:06:31.977401
282,129,46,2012-10-22 04:06:35.083714,2012-10-22 04:06:35.083714
283,129,113,2012-10-22 04:06:36.791918,2012-10-22 04:06:36.791918
284,131,5,2012-10-22 04:50:26.513712,2012-10-22 04:50:26.513712
285,131,73,2012-10-22 04:50:32.147395,2012-10-22 04:50:32.147395
286,131,9,2012-10-22 04:50:44.432769,2012-10-22 04:50:44.432769
287,131,8,2012-10-22 04:50:50.954523,2012-10-22 04:50:50.954523
288,131,6,2012-10-22 04:50:52.187619,2012-10-22 04:50:52.187619
289,131,1,2012-10-22 04:50:52.59736,2012-10-22 04:50:52.59736
290,131,26,2012-10-22 04:50:52.655271,2012-10-22 04:50:52.655271
291,131,36,2012-10-22 04:50:53.305593,2012-10-22 04:50:53.305593
292,131,42,2012-10-22 04:50:53.927013,2012-10-22 04:50:53.927013
293,131,46,2012-10-22 04:50:54.699705,2012-10-22 04:50:54.699705
294,131,79,2012-10-22 04:50:55.868513,2012-10-22 04:50:55.868513
295,131,113,2012-10-22 04:50:56.309632,2012-10-22 04:50:56.309632
296,131,129,2012-10-22 04:50:56.722616,2012-10-22 04:50:56.722616
297,9,131,2012-10-22 04:54:14.405797,2012-10-22 04:54:14.405797
298,125,26,2012-10-22 07:02:50.79167,2012-10-22 07:02:50.79167
301,125,9,2012-10-22 07:03:41.581035,2012-10-22 07:03:41.581035
302,125,5,2012-10-22 07:03:42.298422,2012-10-22 07:03:42.298422
303,125,50,2012-10-22 07:03:42.865479,2012-10-22 07:03:42.865479
304,125,79,2012-10-22 07:03:43.506469,2012-10-22 07:03:43.506469
305,125,129,2012-10-22 07:03:44.109323,2012-10-22 07:03:44.109323
308,9,125,2012-10-22 07:04:13.96024,2012-10-22 07:04:13.96024
309,125,101,2012-10-22 07:04:29.957166,2012-10-22 07:04:29.957166
310,125,7,2012-10-22 07:06:09.486674,2012-10-22 07:06:09.486674
311,125,8,2012-10-22 07:06:11.555418,2012-10-22 07:06:11.555418
312,125,6,2012-10-22 07:06:14.241032,2012-10-22 07:06:14.241032
313,125,10,2012-10-22 07:06:15.817759,2012-10-22 07:06:15.817759
314,125,11,2012-10-22 07:06:16.540619,2012-10-22 07:06:16.540619
315,125,73,2012-10-22 07:06:30.591115,2012-10-22 07:06:30.591115
316,125,117,2012-10-22 07:06:34.567403,2012-10-22 07:06:34.567403
317,125,115,2012-10-22 07:06:41.49005,2012-10-22 07:06:41.49005
318,125,131,2012-10-22 07:06:46.885203,2012-10-22 07:06:46.885203
319,125,107,2012-10-22 07:06:50.973704,2012-10-22 07:06:50.973704
320,125,46,2012-10-22 07:06:53.732618,2012-10-22 07:06:53.732618
321,125,41,2012-10-22 07:06:59.951931,2012-10-22 07:06:59.951931
322,125,58,2012-10-22 07:07:02.311094,2012-10-22 07:07:02.311094
323,125,41,2012-10-22 07:07:04.724234,2012-10-22 07:07:04.724234
324,125,12,2012-10-22 07:07:12.395547,2012-10-22 07:07:12.395547
326,129,125,2012-10-22 11:08:31.604426,2012-10-22 11:08:31.604426
327,129,131,2012-10-22 11:08:32.112536,2012-10-22 11:08:32.112536
328,50,125,2012-10-22 11:49:05.265495,2012-10-22 11:49:05.265495
329,50,129,2012-10-22 11:49:12.308687,2012-10-22 11:49:12.308687
330,121,9,2012-10-22 15:52:20.151368,2012-10-22 15:52:20.151368
331,9,121,2012-10-22 15:56:31.769418,2012-10-22 15:56:31.769418
332,131,125,2012-10-22 21:56:30.996952,2012-10-22 21:56:30.996952
333,10,79,2012-10-23 04:13:29.937289,2012-10-23 04:13:29.937289
334,10,9,2012-10-23 04:13:33.817048,2012-10-23 04:13:33.817048
335,10,19,2012-10-23 04:13:34.378466,2012-10-23 04:13:34.378466
336,10,11,2012-10-23 04:13:34.958062,2012-10-23 04:13:34.958062
337,9,10,2012-10-23 04:16:18.11925,2012-10-23 04:16:18.11925
338,6,121,2012-10-23 08:29:50.760629,2012-10-23 08:29:50.760629
339,6,117,2012-10-23 08:29:58.398988,2012-10-23 08:29:58.398988
340,6,115,2012-10-23 08:30:22.592316,2012-10-23 08:30:22.592316
341,6,73,2012-10-23 08:30:23.284415,2012-10-23 08:30:23.284415
342,6,19,2012-10-23 08:30:24.417578,2012-10-23 08:30:24.417578
343,6,124,2012-10-23 08:33:58.954072,2012-10-23 08:33:58.954072
344,6,131,2012-10-23 08:34:22.466185,2012-10-23 08:34:22.466185
345,6,129,2012-10-23 08:34:29.59257,2012-10-23 08:34:29.59257
346,6,125,2012-10-23 08:34:45.31802,2012-10-23 08:34:45.31802
347,6,11,2012-10-23 08:57:19.394567,2012-10-23 08:57:19.394567
348,6,68,2012-10-23 08:57:22.144626,2012-10-23 08:57:22.144626
349,6,50,2012-10-23 08:57:23.168395,2012-10-23 08:57:23.168395
350,5,125,2012-10-23 09:09:53.565165,2012-10-23 09:09:53.565165
351,5,138,2012-10-23 09:15:17.604878,2012-10-23 09:15:17.604878
352,5,137,2012-10-23 09:15:23.370262,2012-10-23 09:15:23.370262
353,138,5,2012-10-23 09:15:27.135755,2012-10-23 09:15:27.135755
354,5,133,2012-10-23 09:21:36.646115,2012-10-23 09:21:36.646115
355,107,125,2012-10-23 09:31:12.262705,2012-10-23 09:31:12.262705
356,6,106,2012-10-23 09:36:37.46884,2012-10-23 09:36:37.46884
357,6,66,2012-10-23 09:38:13.555666,2012-10-23 09:38:13.555666
358,6,78,2012-10-23 09:38:14.801348,2012-10-23 09:38:14.801348
359,6,137,2012-10-23 09:38:15.320705,2012-10-23 09:38:15.320705
360,6,138,2012-10-23 09:38:18.00709,2012-10-23 09:38:18.00709
361,5,131,2012-10-23 09:38:25.555998,2012-10-23 09:38:25.555998
362,5,129,2012-10-23 09:38:51.201165,2012-10-23 09:38:51.201165
363,6,136,2012-10-23 09:39:04.111401,2012-10-23 09:39:04.111401
364,6,130,2012-10-23 09:39:04.972539,2012-10-23 09:39:04.972539
365,6,123,2012-10-23 09:39:05.734839,2012-10-23 09:39:05.734839
366,6,127,2012-10-23 09:39:06.315269,2012-10-23 09:39:06.315269
367,6,118,2012-10-23 09:39:07.418105,2012-10-23 09:39:07.418105
368,6,82,2012-10-23 09:39:07.969982,2012-10-23 09:39:07.969982
369,6,72,2012-10-23 09:39:10.668382,2012-10-23 09:39:10.668382
370,6,56,2012-10-23 09:39:11.698519,2012-10-23 09:39:11.698519
371,6,53,2012-10-23 09:39:12.360278,2012-10-23 09:39:12.360278
372,6,51,2012-10-23 09:39:17.279589,2012-10-23 09:39:17.279589
373,6,48,2012-10-23 09:39:19.656772,2012-10-23 09:39:19.656772
374,5,66,2012-10-23 09:41:04.888501,2012-10-23 09:41:04.888501
375,118,6,2012-10-23 13:09:23.958311,2012-10-23 13:09:23.958311
376,46,129,2012-10-23 14:44:30.536605,2012-10-23 14:44:30.536605
378,46,125,2012-10-23 14:44:58.849016,2012-10-23 14:44:58.849016
379,56,6,2012-10-23 15:07:33.942592,2012-10-23 15:07:33.942592
380,138,6,2012-10-23 21:57:05.17468,2012-10-23 21:57:05.17468
381,133,5,2012-10-24 05:01:30.074533,2012-10-24 05:01:30.074533
382,19,6,2012-10-24 22:32:54.610058,2012-10-24 22:32:54.610058
383,5,153,2012-10-25 02:05:16.843663,2012-10-25 02:05:16.843663
384,153,5,2012-10-25 02:05:59.434798,2012-10-25 02:05:59.434798
385,5,154,2012-10-25 02:06:09.925521,2012-10-25 02:06:09.925521
386,6,89,2012-10-25 02:16:01.152073,2012-10-25 02:16:01.152073
387,89,5,2012-10-25 02:16:48.670303,2012-10-25 02:16:48.670303
388,6,133,2012-10-25 02:17:04.251592,2012-10-25 02:17:04.251592
389,5,152,2012-10-25 04:11:26.573682,2012-10-25 04:11:26.573682
390,79,154,2012-10-25 05:03:26.348995,2012-10-25 05:03:26.348995
391,79,150,2012-10-25 05:03:27.983647,2012-10-25 05:03:27.983647
392,79,149,2012-10-25 05:03:28.626235,2012-10-25 05:03:28.626235
393,79,148,2012-10-25 05:03:30.265969,2012-10-25 05:03:30.265969
394,79,147,2012-10-25 05:03:30.984085,2012-10-25 05:03:30.984085
395,79,152,2012-10-25 05:03:31.495621,2012-10-25 05:03:31.495621
396,79,145,2012-10-25 05:03:31.51663,2012-10-25 05:03:31.51663
397,79,144,2012-10-25 05:03:31.549343,2012-10-25 05:03:31.549343
398,79,104,2012-10-25 05:03:31.998978,2012-10-25 05:03:31.998978
399,79,151,2012-10-25 05:03:32.691714,2012-10-25 05:03:32.691714
400,79,142,2012-10-25 05:03:35.587575,2012-10-25 05:03:35.587575
401,79,133,2012-10-25 05:03:38.261569,2012-10-25 05:03:38.261569
402,79,124,2012-10-25 05:03:40.42746,2012-10-25 05:03:40.42746
403,79,121,2012-10-25 05:03:40.905618,2012-10-25 05:03:40.905618
404,79,140,2012-10-25 05:03:41.480689,2012-10-25 05:03:41.480689
405,79,138,2012-10-25 05:03:42.065065,2012-10-25 05:03:42.065065
406,79,139,2012-10-25 05:03:42.576566,2012-10-25 05:03:42.576566
407,79,129,2012-10-25 05:03:43.103282,2012-10-25 05:03:43.103282
408,79,135,2012-10-25 05:03:44.456716,2012-10-25 05:03:44.456716
409,79,134,2012-10-25 05:03:44.981948,2012-10-25 05:03:44.981948
410,79,131,2012-10-25 05:03:45.455743,2012-10-25 05:03:45.455743
411,79,125,2012-10-25 05:03:45.958226,2012-10-25 05:03:45.958226
412,79,130,2012-10-25 05:03:46.569954,2012-10-25 05:03:46.569954
413,79,137,2012-10-25 05:03:47.360692,2012-10-25 05:03:47.360692
414,79,122,2012-10-25 05:03:47.8871,2012-10-25 05:03:47.8871
415,79,127,2012-10-25 05:03:49.288263,2012-10-25 05:03:49.288263
416,79,132,2012-10-25 05:03:51.22219,2012-10-25 05:03:51.22219
417,79,119,2012-10-25 05:03:51.64402,2012-10-25 05:03:51.64402
418,79,126,2012-10-25 05:03:52.16301,2012-10-25 05:03:52.16301
419,79,115,2012-10-25 05:03:52.607184,2012-10-25 05:03:52.607184
420,79,113,2012-10-25 05:03:53.323917,2012-10-25 05:03:53.323917
421,79,110,2012-10-25 05:03:53.908103,2012-10-25 05:03:53.908103
422,79,109,2012-10-25 05:03:54.43473,2012-10-25 05:03:54.43473
423,79,106,2012-10-25 05:03:54.961132,2012-10-25 05:03:54.961132
424,79,107,2012-10-25 05:03:55.490973,2012-10-25 05:03:55.490973
425,79,102,2012-10-25 05:03:55.613179,2012-10-25 05:03:55.613179
426,79,97,2012-10-25 05:03:56.885148,2012-10-25 05:03:56.885148
427,79,105,2012-10-25 05:03:57.407285,2012-10-25 05:03:57.407285
428,79,100,2012-10-25 05:03:57.884664,2012-10-25 05:03:57.884664
429,79,94,2012-10-25 05:03:59.56493,2012-10-25 05:03:59.56493
430,79,93,2012-10-25 05:04:00.046513,2012-10-25 05:04:00.046513
431,79,92,2012-10-25 05:04:00.617098,2012-10-25 05:04:00.617098
432,79,89,2012-10-25 05:04:01.058381,2012-10-25 05:04:01.058381
433,79,87,2012-10-25 05:04:01.606882,2012-10-25 05:04:01.606882
434,79,85,2012-10-25 05:04:02.173259,2012-10-25 05:04:02.173259
435,79,116,2012-10-25 05:04:23.912072,2012-10-25 05:04:23.912072
436,79,90,2012-10-25 05:04:24.903205,2012-10-25 05:04:24.903205
437,79,153,2012-10-25 05:04:30.795093,2012-10-25 05:04:30.795093
438,79,117,2012-10-25 05:04:33.685156,2012-10-25 05:04:33.685156
439,79,112,2012-10-25 05:04:34.118157,2012-10-25 05:04:34.118157
440,79,98,2012-10-25 05:04:34.773443,2012-10-25 05:04:34.773443
441,79,91,2012-10-25 05:04:35.214344,2012-10-25 05:04:35.214344
442,79,141,2012-10-25 05:04:44.760324,2012-10-25 05:04:44.760324
443,79,111,2012-10-25 05:04:45.885262,2012-10-25 05:04:45.885262
444,79,88,2012-10-25 05:04:47.5111,2012-10-25 05:04:47.5111
445,79,86,2012-10-25 05:04:48.024057,2012-10-25 05:04:48.024057
446,79,99,2012-10-25 05:04:58.99068,2012-10-25 05:04:58.99068
447,79,108,2012-10-25 05:04:59.61732,2012-10-25 05:04:59.61732
448,79,95,2012-10-25 05:05:00.469599,2012-10-25 05:05:00.469599
449,79,96,2012-10-25 05:05:01.139737,2012-10-25 05:05:01.139737
450,79,101,2012-10-25 05:05:01.837338,2012-10-25 05:05:01.837338
451,79,120,2012-10-25 05:05:03.694499,2012-10-25 05:05:03.694499
452,79,123,2012-10-25 05:05:04.33874,2012-10-25 05:05:04.33874
453,79,128,2012-10-25 05:05:04.963125,2012-10-25 05:05:04.963125
454,79,118,2012-10-25 05:05:06.340539,2012-10-25 05:05:06.340539
455,79,146,2012-10-25 05:05:09.709696,2012-10-25 05:05:09.709696
456,79,103,2012-10-25 05:05:16.693451,2012-10-25 05:05:16.693451
457,79,114,2012-10-25 05:05:27.566191,2012-10-25 05:05:27.566191
458,118,79,2012-10-25 05:08:51.97425,2012-10-25 05:08:51.97425
459,150,79,2012-10-25 05:11:56.838847,2012-10-25 05:11:56.838847
460,121,79,2012-10-25 06:16:53.516253,2012-10-25 06:16:53.516253
461,8,28,2012-10-25 07:45:53.396034,2012-10-25 07:45:53.396034
462,8,31,2012-10-25 07:45:58.251514,2012-10-25 07:45:58.251514
463,8,49,2012-10-25 07:46:12.629593,2012-10-25 07:46:12.629593
464,8,24,2012-10-25 07:46:40.903758,2012-10-25 07:46:40.903758
465,8,128,2012-10-25 07:47:20.568465,2012-10-25 07:47:20.568465
467,5,166,2012-10-25 15:34:04.154583,2012-10-25 15:34:04.154583
468,94,79,2012-10-25 17:30:46.4967,2012-10-25 17:30:46.4967
469,79,157,2012-10-25 19:19:08.22961,2012-10-25 19:19:08.22961
470,124,79,2012-10-25 20:41:36.77932,2012-10-25 20:41:36.77932
471,122,79,2012-10-25 21:28:59.346481,2012-10-25 21:28:59.346481
472,183,5,2012-10-25 22:14:35.906239,2012-10-25 22:14:35.906239
473,183,24,2012-10-25 22:15:03.539218,2012-10-25 22:15:03.539218
474,6,81,2012-10-25 23:43:27.19371,2012-10-25 23:43:27.19371
475,6,166,2012-10-25 23:43:29.017579,2012-10-25 23:43:29.017579
476,6,183,2012-10-25 23:43:34.881891,2012-10-25 23:43:34.881891
477,183,6,2012-10-26 00:01:48.64459,2012-10-26 00:01:48.64459
478,5,183,2012-10-26 01:11:10.25816,2012-10-26 01:11:10.25816
479,5,180,2012-10-26 01:15:02.351177,2012-10-26 01:15:02.351177
480,5,157,2012-10-26 01:15:56.279601,2012-10-26 01:15:56.279601
482,79,172,2012-10-26 03:27:17.540422,2012-10-26 03:27:17.540422
484,122,50,2012-10-26 03:37:54.935049,2012-10-26 03:37:54.935049
485,186,183,2012-10-26 03:43:04.327003,2012-10-26 03:43:04.327003
486,79,165,2012-10-26 05:28:35.336011,2012-10-26 05:28:35.336011
487,5,165,2012-10-26 06:15:59.660464,2012-10-26 06:15:59.660464
488,5,94,2012-10-26 06:16:01.012962,2012-10-26 06:16:01.012962
489,94,5,2012-10-26 06:16:43.151955,2012-10-26 06:16:43.151955
491,79,189,2012-10-26 06:37:13.158205,2012-10-26 06:37:13.158205
492,5,15,2012-10-26 06:44:19.720703,2012-10-26 06:44:19.720703
493,189,79,2012-10-26 06:44:41.639496,2012-10-26 06:44:41.639496
494,5,190,2012-10-26 06:45:11.89628,2012-10-26 06:45:11.89628
496,190,6,2012-10-26 06:45:59.111584,2012-10-26 06:45:59.111584
497,190,5,2012-10-26 06:47:05.497683,2012-10-26 06:47:05.497683
498,6,190,2012-10-26 06:48:46.540365,2012-10-26 06:48:46.540365
499,5,189,2012-10-26 07:11:08.270617,2012-10-26 07:11:08.270617
500,124,10,2012-10-26 15:58:14.85385,2012-10-26 15:58:14.85385
501,5,197,2012-10-26 16:29:28.439122,2012-10-26 16:29:28.439122
502,5,195,2012-10-26 16:29:30.427723,2012-10-26 16:29:30.427723
503,201,5,2012-10-26 17:34:13.135963,2012-10-26 17:34:13.135963
504,6,195,2012-10-26 19:31:11.23371,2012-10-26 19:31:11.23371
505,6,197,2012-10-26 19:31:12.313209,2012-10-26 19:31:12.313209
506,5,203,2012-10-26 19:31:35.168653,2012-10-26 19:31:35.168653
507,6,189,2012-10-26 19:32:45.399467,2012-10-26 19:32:45.399467
508,6,165,2012-10-26 19:35:52.83077,2012-10-26 19:35:52.83077
509,6,94,2012-10-26 19:35:54.219591,2012-10-26 19:35:54.219591
510,197,6,2012-10-26 19:48:33.06746,2012-10-26 19:48:33.06746
511,183,79,2012-10-26 21:07:24.696208,2012-10-26 21:07:24.696208
512,5,207,2012-10-26 23:28:28.238498,2012-10-26 23:28:28.238498
513,50,122,2012-10-27 00:25:06.085624,2012-10-27 00:25:06.085624
514,5,196,2012-10-27 02:39:42.831813,2012-10-27 02:39:42.831813
515,6,207,2012-10-27 05:44:50.849549,2012-10-27 05:44:50.849549
516,79,166,2012-10-27 06:58:42.557232,2012-10-27 06:58:42.557232
517,79,207,2012-10-27 06:58:44.220986,2012-10-27 06:58:44.220986
518,79,197,2012-10-27 07:02:01.735283,2012-10-27 07:02:01.735283
519,79,156,2012-10-27 08:50:53.764296,2012-10-27 08:50:53.764296
520,183,186,2012-10-27 13:07:06.558582,2012-10-27 13:07:06.558582
521,197,79,2012-10-27 14:12:08.660845,2012-10-27 14:12:08.660845
522,6,214,2012-10-27 18:03:07.327156,2012-10-27 18:03:07.327156
523,5,216,2012-10-27 18:27:02.980382,2012-10-27 18:27:02.980382
524,79,214,2012-10-27 19:16:17.992681,2012-10-27 19:16:17.992681
525,79,216,2012-10-27 19:22:37.138447,2012-10-27 19:22:37.138447
526,79,221,2012-10-28 10:39:34.041763,2012-10-28 10:39:34.041763
528,221,222,2012-10-28 11:56:47.318619,2012-10-28 11:56:47.318619
529,222,221,2012-10-28 11:57:10.986291,2012-10-28 11:57:10.986291
530,221,183,2012-10-28 11:59:01.592532,2012-10-28 11:59:01.592532
531,8,221,2012-10-28 16:37:16.850589,2012-10-28 16:37:16.850589
533,221,8,2012-10-28 16:40:27.947548,2012-10-28 16:40:27.947548
534,5,223,2012-10-28 17:13:11.241552,2012-10-28 17:13:11.241552
535,5,222,2012-10-28 17:13:20.626126,2012-10-28 17:13:20.626126
536,5,221,2012-10-28 17:13:50.726817,2012-10-28 17:13:50.726817
538,221,5,2012-10-28 17:15:33.535816,2012-10-28 17:15:33.535816
539,79,225,2012-10-28 17:26:03.229428,2012-10-28 17:26:03.229428
540,79,180,2012-10-28 20:13:55.654219,2012-10-28 20:13:55.654219
541,79,190,2012-10-28 20:13:57.480372,2012-10-28 20:13:57.480372
542,5,191,2012-10-28 21:17:29.438287,2012-10-28 21:17:29.438287
543,5,230,2012-10-28 23:46:19.743059,2012-10-28 23:46:19.743059
544,5,205,2012-10-28 23:46:46.170311,2012-10-28 23:46:46.170311
545,230,5,2012-10-28 23:46:56.038651,2012-10-28 23:46:56.038651
546,133,79,2012-10-28 23:56:41.103794,2012-10-28 23:56:41.103794
547,5,172,2012-10-29 06:12:26.531444,2012-10-29 06:12:26.531444
548,79,230,2012-10-29 07:22:09.97292,2012-10-29 07:22:09.97292
549,79,219,2012-10-29 15:34:25.786498,2012-10-29 15:34:25.786498
550,79,226,2012-10-29 15:34:27.089079,2012-10-29 15:34:27.089079
551,79,223,2012-10-29 15:34:29.554402,2012-10-29 15:34:29.554402
552,79,143,2012-10-29 15:34:31.643664,2012-10-29 15:34:31.643664
553,79,164,2012-10-29 15:34:36.33684,2012-10-29 15:34:36.33684
554,79,171,2012-10-29 15:34:37.166506,2012-10-29 15:34:37.166506
555,79,175,2012-10-29 15:34:38.145783,2012-10-29 15:34:38.145783
556,79,176,2012-10-29 15:34:39.443536,2012-10-29 15:34:39.443536
557,79,185,2012-10-29 15:34:40.338637,2012-10-29 15:34:40.338637
558,79,170,2012-10-29 15:34:41.687349,2012-10-29 15:34:41.687349
559,79,198,2012-10-29 15:34:42.834281,2012-10-29 15:34:42.834281
560,79,213,2012-10-29 15:34:42.903601,2012-10-29 15:34:42.903601
561,79,162,2012-10-29 15:34:44.537735,2012-10-29 15:34:44.537735
563,164,79,2012-10-29 15:37:20.87152,2012-10-29 15:37:20.87152
564,79,235,2012-10-29 15:57:22.753462,2012-10-29 15:57:22.753462
565,5,235,2012-10-29 16:22:36.070894,2012-10-29 16:22:36.070894
566,172,5,2012-10-29 22:07:25.787684,2012-10-29 22:07:25.787684
567,172,79,2012-10-29 22:07:26.991094,2012-10-29 22:07:26.991094
568,79,227,2012-10-29 22:08:43.920293,2012-10-29 22:08:43.920293
569,79,228,2012-10-29 22:08:45.423864,2012-10-29 22:08:45.423864
570,79,220,2012-10-29 22:08:46.618161,2012-10-29 22:08:46.618161
571,79,222,2012-10-29 22:08:48.007545,2012-10-29 22:08:48.007545
572,79,224,2012-10-29 22:08:49.17755,2012-10-29 22:08:49.17755
573,79,232,2012-10-29 22:08:51.281801,2012-10-29 22:08:51.281801
574,79,229,2012-10-29 22:08:52.509945,2012-10-29 22:08:52.509945
575,79,233,2012-10-29 22:09:00.404356,2012-10-29 22:09:00.404356
576,79,234,2012-10-29 22:09:02.144462,2012-10-29 22:09:02.144462
577,79,236,2012-10-29 22:09:04.136911,2012-10-29 22:09:04.136911
578,79,237,2012-10-29 22:09:05.234906,2012-10-29 22:09:05.234906
579,79,161,2012-10-29 22:09:06.343619,2012-10-29 22:09:06.343619
580,79,168,2012-10-29 22:09:07.294594,2012-10-29 22:09:07.294594
581,79,169,2012-10-29 22:09:08.435578,2012-10-29 22:09:08.435578
582,79,179,2012-10-29 22:09:09.670788,2012-10-29 22:09:09.670788
583,79,174,2012-10-29 22:09:11.054738,2012-10-29 22:09:11.054738
584,79,177,2012-10-29 22:09:12.170802,2012-10-29 22:09:12.170802
585,79,181,2012-10-29 22:09:13.244135,2012-10-29 22:09:13.244135
586,79,186,2012-10-29 22:09:14.820535,2012-10-29 22:09:14.820535
587,79,187,2012-10-29 22:09:15.797894,2012-10-29 22:09:15.797894
588,79,178,2012-10-29 22:09:16.941517,2012-10-29 22:09:16.941517
589,79,191,2012-10-29 22:09:19.018668,2012-10-29 22:09:19.018668
590,79,194,2012-10-29 22:09:19.054112,2012-10-29 22:09:19.054112
591,79,192,2012-10-29 22:09:20.219064,2012-10-29 22:09:20.219064
592,79,200,2012-10-29 22:09:20.779552,2012-10-29 22:09:20.779552
593,79,208,2012-10-29 22:09:21.961256,2012-10-29 22:09:21.961256
594,79,217,2012-10-29 22:09:23.090526,2012-10-29 22:09:23.090526
595,79,215,2012-10-29 22:09:23.281007,2012-10-29 22:09:23.281007
596,79,183,2012-10-29 22:09:26.517874,2012-10-29 22:09:26.517874
597,79,188,2012-10-29 22:09:27.543961,2012-10-29 22:09:27.543961
598,79,218,2012-10-29 22:09:29.729573,2012-10-29 22:09:29.729573
599,5,239,2012-10-29 22:47:54.640652,2012-10-29 22:47:54.640652
600,5,215,2012-10-29 22:47:56.622205,2012-10-29 22:47:56.622205
601,239,5,2012-10-29 22:50:49.642463,2012-10-29 22:50:49.642463
602,79,239,2012-10-30 00:16:00.100701,2012-10-30 00:16:00.100701
603,239,79,2012-10-30 00:18:20.270776,2012-10-30 00:18:20.270776
604,5,245,2012-10-30 03:58:03.415739,2012-10-30 03:58:03.415739
605,79,245,2012-10-30 03:59:18.235854,2012-10-30 03:59:18.235854
606,79,243,2012-10-30 06:24:45.699067,2012-10-30 06:24:45.699067
607,79,238,2012-10-30 07:10:56.784766,2012-10-30 07:10:56.784766
608,79,242,2012-10-30 07:10:59.337542,2012-10-30 07:10:59.337542
609,79,193,2012-10-30 07:11:01.399589,2012-10-30 07:11:01.399589
610,79,159,2012-10-30 07:11:03.068756,2012-10-30 07:11:03.068756
611,79,211,2012-10-30 07:11:05.156555,2012-10-30 07:11:05.156555
612,79,206,2012-10-30 07:11:07.157274,2012-10-30 07:11:07.157274
613,79,204,2012-10-30 07:11:08.201814,2012-10-30 07:11:08.201814
614,79,195,2012-10-30 07:11:11.521331,2012-10-30 07:11:11.521331
615,79,203,2012-10-30 07:11:13.085357,2012-10-30 07:11:13.085357
616,87,79,2012-10-30 07:43:53.998579,2012-10-30 07:43:53.998579
617,87,5,2012-10-30 07:43:55.001432,2012-10-30 07:43:55.001432
618,79,244,2012-10-30 08:20:32.843514,2012-10-30 08:20:32.843514
620,101,125,2012-10-30 09:12:52.726862,2012-10-30 09:12:52.726862
621,238,153,2012-10-30 11:09:15.951538,2012-10-30 11:09:15.951538
622,239,6,2012-10-30 12:54:15.958519,2012-10-30 12:54:15.958519
623,6,243,2012-10-30 17:39:36.43056,2012-10-30 17:39:36.43056
624,6,239,2012-10-30 17:39:46.738613,2012-10-30 17:39:46.738613
625,239,230,2012-10-30 17:59:44.54266,2012-10-30 17:59:44.54266
626,239,9,2012-10-30 17:59:49.740536,2012-10-30 17:59:49.740536
627,239,129,2012-10-30 17:59:52.96319,2012-10-30 17:59:52.96319
628,239,197,2012-10-30 17:59:54.544004,2012-10-30 17:59:54.544004
629,239,50,2012-10-30 17:59:56.130501,2012-10-30 17:59:56.130501
630,239,8,2012-10-30 18:02:18.644617,2012-10-30 18:02:18.644617
631,5,248,2012-10-30 20:38:37.275576,2012-10-30 20:38:37.275576
633,248,5,2012-10-30 20:39:26.525437,2012-10-30 20:39:26.525437
634,79,248,2012-10-30 20:49:07.886417,2012-10-30 20:49:07.886417
635,5,246,2012-10-30 21:00:02.492596,2012-10-30 21:00:02.492596
636,5,142,2012-10-30 21:00:09.7019,2012-10-30 21:00:09.7019
637,5,160,2012-10-30 21:00:13.108807,2012-10-30 21:00:13.108807
638,248,79,2012-10-30 21:00:22.705136,2012-10-30 21:00:22.705136
639,248,125,2012-10-30 21:18:14.031556,2012-10-30 21:18:14.031556
640,248,172,2012-10-30 21:19:23.648897,2012-10-30 21:19:23.648897
641,239,19,2012-10-30 23:57:19.855604,2012-10-30 23:57:19.855604
642,6,248,2012-10-31 00:53:54.477383,2012-10-31 00:53:54.477383
643,6,245,2012-10-31 00:54:55.132341,2012-10-31 00:54:55.132341
644,9,239,2012-10-31 02:47:35.024869,2012-10-31 02:47:35.024869
645,172,248,2012-10-31 03:57:15.160283,2012-10-31 03:57:15.160283
646,5,249,2012-10-31 06:21:17.419442,2012-10-31 06:21:17.419442
647,5,250,2012-10-31 07:28:25.734908,2012-10-31 07:28:25.734908
648,250,5,2012-10-31 07:28:49.367836,2012-10-31 07:28:49.367836
650,5,253,2012-11-01 05:00:33.879038,2012-11-01 05:00:33.879038
651,253,5,2012-11-01 05:02:38.109393,2012-11-01 05:02:38.109393
652,253,9,2012-11-01 05:07:49.997911,2012-11-01 05:07:49.997911
655,9,253,2012-11-01 05:11:11.913502,2012-11-01 05:11:11.913502
656,79,253,2012-11-01 05:26:21.767574,2012-11-01 05:26:21.767574
657,253,79,2012-11-01 05:27:25.256975,2012-11-01 05:27:25.256975
658,6,253,2012-11-01 06:43:09.506475,2012-11-01 06:43:09.506475
659,253,6,2012-11-01 06:43:40.088545,2012-11-01 06:43:40.088545
660,185,79,2012-11-01 09:05:32.241315,2012-11-01 09:05:32.241315
661,5,122,2012-11-01 20:10:28.769438,2012-11-01 20:10:28.769438
